,Week Ending/Date,Location,Bracketed_val_avg_price,Average_price
0,15/07/2023,NORTH INDIA,203.7,208.86
1,08/07/2023,NORTH INDIA,211.09,210.25
2,01/07/2023,NORTH INDIA,220.1,213
3,24/06/2023,NORTH INDIA,221.49,209.88
4,17/06/2023,NORTH INDIA,221.48,209.44
5,10/06/2023,NORTH INDIA,203.58,204.51
6,03/06/2023,NORTH INDIA,188.57,193.87
7,27/05/2023,NORTH INDIA,180.5,187.44
8,20/05/2023,NORTH INDIA,182.09,183.25
9,13/05/2023,NORTH INDIA,184.39,188.3
10,06/05/2023,NORTH INDIA,196.33,185.34
11,29/04/2023,NORTH INDIA,214.24,190.1
12,22/04/2023,NORTH INDIA,238.29,194.19
13,15/04/2023,NORTH INDIA,239.56,195.26
14,08/04/2023,NORTH INDIA,254.50,203.92
15,01/04/2023,NORTH INDIA,152.91,192.89
16,25/03/2023,NORTH INDIA,144.31,149.16
17,18/03/2023,NORTH INDIA,NA,NA
18,11/03/2023,NORTH INDIA,100.59,138.48
19,04/03/2023,NORTH INDIA,129.76,135.37
20,25/02/2023,NORTH INDIA,134.13,NA
21,18/02/2023,NORTH INDIA,134.08,144.65
22,11/02/2023,NORTH INDIA,146.38,140.13
23,04/02/2023,NORTH INDIA,149.44,139.22
24,28/01/2023,NORTH INDIA,142.34,145.33
25,21/01/2023,NORTH INDIA,154.81,142.93
26,14/01/2023,NORTH INDIA,161.84,149.88
27,07/01/2023,NORTH INDIA,165.34,154.68
28,15/07/2023,SOUTH INDIA,89.31,102.16
29,08/07/2023,SOUTH INDIA,90.17,102.78
30,01/07/2023,SOUTH INDIA,89.43,105.02
31,24/06/2023,SOUTH INDIA,104,105.62
32,17/06/2023,SOUTH INDIA,91.28,104.72
33,10/06/2023,SOUTH INDIA,94.50,105.30
34,03/06/2023,SOUTH INDIA,97.09,102.27
35,27/05/2023,SOUTH INDIA,97.14,107.69
36,20/05/2023,SOUTH INDIA,98.88,111.19
37,13/05/2023,SOUTH INDIA,102.13,115.1
38,06/05/2023,SOUTH INDIA,104.44,118.42
39,29/04/2023,SOUTH INDIA,106.35,120.48
40,22/04/2023,SOUTH INDIA,106.92,121.26
41,15/04/2023,SOUTH INDIA,91.96,120.62
42,08/04/2023,SOUTH INDIA,102.80,111.85
43,01/04/2023,SOUTH INDIA,104.93,121.31
44,25/03/2023,SOUTH INDIA,103.93,125.11
45,18/03/2023,SOUTH INDIA,104.57,124.39
46,11/03/2023,SOUTH INDIA,108.59,126.75
47,04/03/2023,SOUTH INDIA,112.23,129.18
48,25/02/2023,SOUTH INDIA,114.87,129.72
49,18/02/2023,SOUTH INDIA,117.12,129.41
50,11/02/2023,SOUTH INDIA,118.36,133.11
51,04/02/2023,SOUTH INDIA,118.24,131.18
52,28/01/2023,SOUTH INDIA,119.27,130.76
53,21/01/2023,SOUTH INDIA,116.80,127.93
54,14/01/2023,SOUTH INDIA,114.56,125.41
55,07/01/2023,SOUTH INDIA,110.04,123.74
56,15/07/2023,ALL INDIA,169.59,181.96
57,08/07/2023,ALL INDIA,182.83,182.61
58,01/07/2023,ALL INDIA,187.7,181.22
59,24/06/2023,ALL INDIA,200.24,177.99
60,17/06/2023,ALL INDIA,185.8,177.77
61,10/06/2023,ALL INDIA,171.39,173.17
62,03/06/2023,ALL INDIA,157.71,160.17
63,27/05/2023,ALL INDIA,150.79,159.66
64,20/05/2023,ALL INDIA,154.35,156.88
65,13/05/2023,ALL INDIA,157.91,164.62
66,06/05/2023,ALL INDIA,166.42,164.09
67,29/04/2023,ALL INDIA,181.33,166.27
68,22/04/2023,ALL INDIA,182.63,170.99
69,15/04/2023,ALL INDIA,162.93,164.72
70,08/04/2023,ALL INDIA,148.80,162.48
71,01/04/2023,ALL INDIA,119.77,143.57
72,25/03/2023,ALL INDIA,109.55,131.83
73,18/03/2023,ALL INDIA,104.57,124.39
74,11/03/2023,ALL INDIA,108.58,132.46
75,04/03/2023,ALL INDIA,116.71,130.34
76,25/02/2023,ALL INDIA,126.35,129.72
77,18/02/2023,ALL INDIA,122.70,137.34
78,11/02/2023,ALL INDIA,136.04,138.01
79,04/02/2023,ALL INDIA,142.04,137.28
80,28/01/2023,ALL INDIA,135.88,141.87
81,21/01/2023,ALL INDIA,146.91,140.04
82,14/01/2023,ALL INDIA,151.81,145.60
83,07/01/2023,ALL INDIA,153.96,148.93
0,28/12/2019,NORTH INDIA,141.50,140.11
1,21/12/2019,NORTH INDIA,144.26,142.45
2,14/12/2019,NORTH INDIA,147.09,144.62
3,07/12/2019,NORTH INDIA,149.38,144.89
4,30/11/2019,NORTH INDIA,152.47,144.03
5,23/11/2019,NORTH INDIA,150.44,146.05
6,16/11/2019,NORTH INDIA,150.63,144.56
7,09/11/2019,NORTH INDIA,150.60,144.12
8,02/11/2019,NORTH INDIA,149.21,146.88
9,26/10/2019,NORTH INDIA,150.40,149.51
10,19/10/2019,NORTH INDIA,NA,146.83
11,12/10/2019,NORTH INDIA,149.09,135.89
12,05/10/2019,NORTH INDIA,148.21,158.80
13,28/09/2019,NORTH INDIA,147.20,147.06
14,21/09/2019,NORTH INDIA,148.68,147.90
15,14/09/2019,NORTH INDIA,150.78,149.97
16,07/09/2019,NORTH INDIA,152.34,155.69
17,31/08/2019,NORTH INDIA,152.97,152.47
18,24/08/2019,NORTH INDIA,152.66,154.69
19,17/08/2019,NORTH INDIA,155.09,154.24
20,10/08/2019,NORTH INDIA,158.08,160.44
21,03/08/2019,NORTH INDIA,159.97,160.30
22,27/07/2019,NORTH INDIA,161.05,160.18
23,20/07/2019,NORTH INDIA,161.80,160.14
24,13/07/2019,NORTH INDIA,160.99,157.03
25,06/07/2019,NORTH INDIA,162.26,158.24
26,29/06/2019,NORTH INDIA,165.89,156.86
27,22/06/2019,NORTH INDIA,164.09,160.18
28,15/06/2019,NORTH INDIA,156.02,153.80
29,08/06/2019,NORTH INDIA,151.75,148.48
30,01/06/2019,NORTH INDIA,151.18,143.94
31,25/05/2019,NORTH INDIA,148.75,142.76
32,18/05/2019,NORTH INDIA,149.43,142.05
33,11/05/2019,NORTH INDIA,149.35,143.47
34,04/05/2019,NORTH INDIA,148.86,148.00
35,27/04/2019,NORTH INDIA,152.22,150.17
36,20/04/2019,NORTH INDIA,151.98,157.41
37,13/04/2019,NORTH INDIA,144.86,159.87
38,06/04/2019,NORTH INDIA,146.44,144.10
39,30/03/2019,NORTH INDIA,96.47,128.15
40,23/03/2019,NORTH INDIA,99.48,111.14
41,16/03/2019,NORTH INDIA,NA,107.51
42,09/03/2019,NORTH INDIA,95.27,114.15
43,02/03/2019,NORTH INDIA,105.67,112.44
44,23/02/2019,NORTH INDIA,103.66,111.16
45,16/02/2019,NORTH INDIA,106.88,116.16
46,09/02/2019,NORTH INDIA,108.30,120.34
47,02/02/2019,NORTH INDIA,113.31,123.45
48,26/01/2019,NORTH INDIA,114.86,129.03
49,19/01/2019,NORTH INDIA,125.22,132.20
50,12/01/2019,NORTH INDIA,127.52,135.08
51,05/01/2019,NORTH INDIA,134.82,138.06
52,28/12/2019,SOUTH INDIA,88.46,103.30
53,21/12/2019,SOUTH INDIA,105.02,91.02
54,14/12/2019,SOUTH INDIA,105.83,89.80
55,07/12/2019,SOUTH INDIA,109.38,90.40
56,30/11/2019,SOUTH INDIA,109.27,90.69
57,23/11/2019,SOUTH INDIA,108.99,91.90
58,16/11/2019,SOUTH INDIA,107.59,89.02
59,09/11/2019,SOUTH INDIA,111.74,87.99
60,02/11/2019,SOUTH INDIA,105.00,89.17
61,26/10/2019,SOUTH INDIA,102.10,89.63
62,19/10/2019,SOUTH INDIA,103.66,92.85
63,12/10/2019,SOUTH INDIA,103.09,93.05
64,05/10/2019,SOUTH INDIA,102.68,93.99
65,28/09/2019,SOUTH INDIA,104.81,94.97
66,21/09/2019,SOUTH INDIA,108.17,93.69
67,14/09/2019,SOUTH INDIA,104.41,83.41
68,07/09/2019,SOUTH INDIA,101.30,90.82
69,31/08/2019,SOUTH INDIA,106.42,90.01
70,24/08/2019,SOUTH INDIA,90.57,91.14
71,17/08/2019,SOUTH INDIA,97.38,87.05
72,10/08/2019,SOUTH INDIA,92.83,87.88
73,03/08/2019,SOUTH INDIA,93.41,88.91
74,27/07/2019,SOUTH INDIA,91.53,86.18
75,20/07/2019,SOUTH INDIA,88.58,85.94
76,13/07/2019,SOUTH INDIA,89.60,86.02
77,06/07/2019,SOUTH INDIA,86.93,92.27
78,29/06/2019,SOUTH INDIA,87.32,95.76
79,22/06/2019,SOUTH INDIA,88.63,99.88
80,15/06/2019,SOUTH INDIA,89.16,101.37
81,08/06/2019,SOUTH INDIA,88.57,102.19
82,01/06/2019,SOUTH INDIA,88.41,104.45
83,25/05/2019,SOUTH INDIA,87.79,103.81
84,18/05/2019,SOUTH INDIA,90.03,105.98
85,11/05/2019,SOUTH INDIA,93.89,107.66
86,04/05/2019,SOUTH INDIA,98.95,107.85
87,27/04/2019,SOUTH INDIA,100.22,108.96
88,20/04/2019,SOUTH INDIA,103.69,99.03
89,13/04/2019,SOUTH INDIA,101.77,108.05
90,06/04/2019,SOUTH INDIA,103.23,108.00
91,30/03/2019,SOUTH INDIA,92.73,109.54
92,23/03/2019,SOUTH INDIA,104.14,108.95
93,16/03/2019,SOUTH INDIA,103.33,109.36
94,09/03/2019,SOUTH INDIA,102.81,108.64
95,02/03/2019,SOUTH INDIA,102.59,108.36
96,23/02/2019,SOUTH INDIA,104.13,106.81
97,16/02/2019,SOUTH INDIA,103.89,106.93
98,09/02/2019,SOUTH INDIA,103.85,107.81
99,02/02/2019,SOUTH INDIA,102.62,110.36
100,26/01/2019,SOUTH INDIA,99.12,110.04
101,19/01/2019,SOUTH INDIA,97.20,109.60
102,12/01/2019,SOUTH INDIA,97.74,106.59
103,05/01/2019,SOUTH INDIA,94.84,105.20
104,28/12/2019,ALL INDIA,140.23,136.99
105,21/12/2019,ALL INDIA,136.37,132.22
106,14/12/2019,ALL INDIA,138.88,130.20
107,07/12/2019,ALL INDIA,142.55,134.63
108,30/11/2019,ALL INDIA,145.12,134.55
109,23/11/2019,ALL INDIA,142.14,136.10
110,16/11/2019,ALL INDIA,142.39,133.93
111,09/11/2019,ALL INDIA,143.71,130.73
112,02/11/2019,ALL INDIA,140.38,136.70
113,26/10/2019,ALL INDIA,140.84,139.09
114,19/10/2019,ALL INDIA,103.66,138.09
115,12/10/2019,ALL INDIA,140.75,119.94
116,05/10/2019,ALL INDIA,141.33,139.47
117,28/09/2019,ALL INDIA,141.65,139.40
118,21/09/2019,ALL INDIA,141.70,139.11
119,14/09/2019,ALL INDIA,143.48,142.93
120,07/09/2019,ALL INDIA,144.80,145.63
121,31/08/2019,ALL INDIA,145.43,142.21
122,24/08/2019,ALL INDIA,144.40,145.16
123,17/08/2019,ALL INDIA,143.68,140.34
124,10/08/2019,ALL INDIA,146.90,145.93
125,03/08/2019,ALL INDIA,145.84,143.52
126,27/07/2019,ALL INDIA,145.36,141.50
127,20/07/2019,ALL INDIA,142.93,140.32
128,13/07/2019,ALL INDIA,142.39,139.17
129,06/07/2019,ALL INDIA,141.30,141.35
130,29/06/2019,ALL INDIA,142.60,142.01
131,22/06/2019,ALL INDIA,141.59,145.84
132,15/06/2019,ALL INDIA,137.19,140.78
133,08/06/2019,ALL INDIA,131.74,136.77
134,01/06/2019,ALL INDIA,129.96,133.61
135,25/05/2019,ALL INDIA,128.60,133.47
136,18/05/2019,ALL INDIA,128.79,132.44
137,11/05/2019,ALL INDIA,129.82,132.39
138,04/05/2019,ALL INDIA,132.36,137.02
139,27/04/2019,ALL INDIA,134.41,136.93
140,20/04/2019,ALL INDIA,130.69,139.43
141,13/04/2019,ALL INDIA,125.09,135.18
142,06/04/2019,ALL INDIA,118.72,126.50
143,30/03/2019,ALL INDIA,94.81,116.03
144,23/03/2019,ALL INDIA,102.22,109.80
145,16/03/2019,ALL INDIA,103.33,108.54
146,09/03/2019,ALL INDIA,99.00,111.80
147,02/03/2019,ALL INDIA,104.52,111.22
148,23/02/2019,ALL INDIA,103.78,110.00
149,16/02/2019,ALL INDIA,106.42,113.96
150,09/02/2019,ALL INDIA,107.50,117.64
151,02/02/2019,ALL INDIA,111.32,120.68
152,26/01/2019,ALL INDIA,111.09,124.59
153,19/01/2019,ALL INDIA,119.58,127.28
154,12/01/2019,ALL INDIA,121.19,129.04
155,05/01/2019,ALL INDIA,127.16,130.85
0,26/12/2015,NORTH INDIA,134.36,138.43
1,19/12/2015,NORTH INDIA,137.08,139.13
2,12/12/2015,NORTH INDIA,139.49,136.45
3,05/12/2015,NORTH INDIA,141.39,139.41
4,28/11/2015,NORTH INDIA,140.75,144.69
5,21/11/2015,NORTH INDIA,142.50,139.53
6,14/11/2015,NORTH INDIA,142.74,151.57
7,07/11/2015,NORTH INDIA,137.29,139.37
8,31/10/2015,NORTH INDIA,138.53,138.27
9,24/10/2015,NORTH INDIA,139.49,NA
10,17/10/2015,NORTH INDIA,136.22,138.09
11,10/10/2015,NORTH INDIA,134.87,138.55
12,03/10/2015,NORTH INDIA,NA,136.53
13,26/09/2015,NORTH INDIA,137.02,141.64
14,19/09/2015,NORTH INDIA,137.45,141.75
15,12/09/2015,NORTH INDIA,138.41,143.22
16,05/09/2015,NORTH INDIA,138.47,145.28
17,29/08/2015,NORTH INDIA,141.24,146.89
18,22/08/2015,NORTH INDIA,143.25,147.99
19,15/08/2015,NORTH INDIA,146.63,146.19
20,08/08/2015,NORTH INDIA,148.72,147.66
21,01/08/2015,NORTH INDIA,154.46,149.78
22,25/07/2015,NORTH INDIA,158.35,150.91
23,18/07/2015,NORTH INDIA,162.21,148.60
24,11/07/2015,NORTH INDIA,170.59,146.98
25,04/07/2015,NORTH INDIA,169.74,145.14
26,27/06/2015,NORTH INDIA,171.76,147.65
27,20/06/2015,NORTH INDIA,169.35,147.07
28,13/06/2015,NORTH INDIA,162.76,143.54
29,06/06/2015,NORTH INDIA,156.43,143.89
30,30/05/2015,NORTH INDIA,154.17,145.30
31,23/05/2015,NORTH INDIA,154.27,141.91
32,16/05/2015,NORTH INDIA,154.72,140.71
33,09/05/2015,NORTH INDIA,153.12,142.21
34,02/05/2015,NORTH INDIA,157.38,143.06
35,25/04/2015,NORTH INDIA,153.95,133.82
36,18/04/2015,NORTH INDIA,143.33,134.48
37,11/04/2015,NORTH INDIA,155.58,127.56
38,04/04/2015,NORTH INDIA,135.85,102.20
39,28/03/2015,NORTH INDIA,96.53,90.62
40,21/03/2015,NORTH INDIA,NA,78.45
41,14/03/2015,NORTH INDIA,NA,87.45
42,07/03/2015,NORTH INDIA,103.20,92.53
43,28/02/2015,NORTH INDIA,NA,92.01
44,21/02/2015,NORTH INDIA,107.55,99.88
45,14/02/2015,NORTH INDIA,106.97,107.36
46,07/02/2015,NORTH INDIA,110.05,108.89
47,31/01/2015,NORTH INDIA,112.06,117.51
48,24/01/2015,NORTH INDIA,114.49,120.62
49,17/01/2015,NORTH INDIA,118.12,131.32
50,10/01/2015,NORTH INDIA,122.71,126.34
51,03/01/2015,NORTH INDIA,128.59,129.51
52,26/12/2015,SOUTH INDIA,NA,80.78
53,19/12/2015,SOUTH INDIA,76.20,90.37
54,12/12/2015,SOUTH INDIA,75.99,88.55
55,05/12/2015,SOUTH INDIA,74.67,85.08
56,28/11/2015,SOUTH INDIA,72.99,84.75
57,21/11/2015,SOUTH INDIA,70.89,80.62
58,14/11/2015,SOUTH INDIA,70.54,84.64
59,07/11/2015,SOUTH INDIA,72.44,78.27
60,31/10/2015,SOUTH INDIA,71.52,79.37
61,24/10/2015,SOUTH INDIA,74.20,79.89
62,17/10/2015,SOUTH INDIA,78.81,81.90
63,10/10/2015,SOUTH INDIA,80.04,79.14
64,03/10/2015,SOUTH INDIA,83.27,81.23
65,26/09/2015,SOUTH INDIA,80.70,80.29
66,19/09/2015,SOUTH INDIA,77.09,76.26
67,12/09/2015,SOUTH INDIA,67.17,72.88
68,05/09/2015,SOUTH INDIA,74.06,73.39
69,29/08/2015,SOUTH INDIA,74.09,63.37
70,22/08/2015,SOUTH INDIA,73.03,74.97
71,15/08/2015,SOUTH INDIA,73.27,73.56
72,08/08/2015,SOUTH INDIA,72.65,71.01
73,01/08/2015,SOUTH INDIA,76.70,71.02
74,25/07/2015,SOUTH INDIA,74.42,71.57
75,18/07/2015,SOUTH INDIA,75.26,72.76
76,11/07/2015,SOUTH INDIA,84.53,75.55
77,04/07/2015,SOUTH INDIA,81.05,75.42
78,27/06/2015,SOUTH INDIA,81.90,73.64
79,20/06/2015,SOUTH INDIA,81.44,71.92
80,13/06/2015,SOUTH INDIA,82.10,70.44
81,06/06/2015,SOUTH INDIA,84.06,72.21
82,30/05/2015,SOUTH INDIA,86.25,71.97
83,23/05/2015,SOUTH INDIA,88.00,73.88
84,16/05/2015,SOUTH INDIA,89.62,76.64
85,09/05/2015,SOUTH INDIA,91.72,78.01
86,02/05/2015,SOUTH INDIA,89.57,80.78
87,25/04/2015,SOUTH INDIA,87.06,83.96
88,18/04/2015,SOUTH INDIA,71.96,84.59
89,11/04/2015,SOUTH INDIA,86.42,84.07
90,04/04/2015,SOUTH INDIA,85.52,74.65
91,28/03/2015,SOUTH INDIA,87.06,84.57
92,21/03/2015,SOUTH INDIA,89.98,83.77
93,14/03/2015,SOUTH INDIA,91.20,83.26
94,07/03/2015,SOUTH INDIA,91.37,84.19
95,28/02/2015,SOUTH INDIA,92.15,83.98
96,21/02/2015,SOUTH INDIA,94.25,84.44
97,14/02/2015,SOUTH INDIA,95.14,84.20
98,07/02/2015,SOUTH INDIA,92.44,83.31
99,31/01/2015,SOUTH INDIA,93.30,83.52
100,24/01/2015,SOUTH INDIA,92.00,81.51
101,17/01/2015,SOUTH INDIA,93.60,80.90
102,10/01/2015,SOUTH INDIA,87.80,77.43
103,03/01/2015,SOUTH INDIA,85.28,75.00
104,26/12/2015,ALL INDIA,134.36,133.36
105,19/12/2015,ALL INDIA,124.45,130.32
106,12/12/2015,ALL INDIA,126.61,127.83
107,05/12/2015,ALL INDIA,128.46,130.44
108,28/11/2015,ALL INDIA,126.93,132.99
109,21/11/2015,ALL INDIA,127.85,127.64
110,14/11/2015,ALL INDIA,128.66,137.68
111,07/11/2015,ALL INDIA,123.74,129.13
112,31/10/2015,ALL INDIA,124.06,128.24
113,24/10/2015,ALL INDIA,122.20,79.89
114,17/10/2015,ALL INDIA,125.51,126.73
115,10/10/2015,ALL INDIA,123.38,126.56
116,03/10/2015,ALL INDIA,83.27,125.50
117,26/09/2015,ALL INDIA,126.66,129.07
118,19/09/2015,ALL INDIA,125.32,127.62
119,12/09/2015,ALL INDIA,129.07,129.28
120,05/09/2015,ALL INDIA,126.52,130.61
121,29/08/2015,ALL INDIA,128.64,135.22
122,22/08/2015,ALL INDIA,128.99,133.34
123,15/08/2015,ALL INDIA,128.88,129.62
124,08/08/2015,ALL INDIA,130.38,129.79
125,01/08/2015,ALL INDIA,136.18,129.21
126,25/07/2015,ALL INDIA,133.26,130.52
127,18/07/2015,ALL INDIA,135.02,129.62
128,11/07/2015,ALL INDIA,150.54,126.69
129,04/07/2015,ALL INDIA,142.42,124.75
130,27/06/2015,ALL INDIA,138.02,123.91
131,20/06/2015,ALL INDIA,133.85,121.92
132,13/06/2015,ALL INDIA,128.45,116.08
133,06/06/2015,ALL INDIA,125.15,115.96
134,30/05/2015,ALL INDIA,126.09,114.93
135,23/05/2015,ALL INDIA,128.04,112.21
136,16/05/2015,ALL INDIA,130.13,110.52
137,09/05/2015,ALL INDIA,129.06,113.27
138,02/05/2015,ALL INDIA,129.11,112.05
139,25/04/2015,ALL INDIA,126.15,109.01
140,18/04/2015,ALL INDIA,112.53,110.02
141,11/04/2015,ALL INDIA,107.06,104.60
142,04/04/2015,ALL INDIA,100.43,91.27
143,28/03/2015,ALL INDIA,91.16,88.12
144,21/03/2015,ALL INDIA,89.98,82.30
145,14/03/2015,ALL INDIA,91.20,86.05
146,07/03/2015,ALL INDIA,98.76,88.51
147,28/02/2015,ALL INDIA,92.15,89.79
148,21/02/2015,ALL INDIA,103.07,95.40
149,14/02/2015,ALL INDIA,103.60,101.50
150,07/02/2015,ALL INDIA,105.26,102.60
151,31/01/2015,ALL INDIA,107.57,109.27
152,24/01/2015,ALL INDIA,108.67,112.01
153,17/01/2015,ALL INDIA,111.99,117.74
154,10/01/2015,ALL INDIA,113.33,115.96
155,03/01/2015,ALL INDIA,116.53,116.60
0,27/12/2014,NORTH INDIA,129.03,134.37
1,20/12/2014,NORTH INDIA,127.74,137.08
2,13/12/2014,NORTH INDIA,128.68,139.49
3,06/12/2014,NORTH INDIA,133.11,141.39
4,29/11/2014,NORTH INDIA,134.36,140.75
5,22/11/2014,NORTH INDIA,133.21,142.50
6,15/11/2014,NORTH INDIA,131.78,142.74
7,08/11/2014,NORTH INDIA,133.07,137.29
8,01/11/2014,NORTH INDIA,131.79,138.53
9,25/10/2014,NORTH INDIA,133.83,139.49
10,18/10/2014,NORTH INDIA,NA,136.22
11,11/10/2014,NORTH INDIA,135.10,134.87
12,04/10/2014,NORTH INDIA,133.80,NA
13,27/09/2014,NORTH INDIA,133.83,137.02
14,20/09/2014,NORTH INDIA,132.44,137.45
15,13/09/2014,NORTH INDIA,132.12,138.41
16,06/09/2014,NORTH INDIA,130.57,138.47
17,30/08/2014,NORTH INDIA,132.45,141.24
18,23/08/2014,NORTH INDIA,133.15,143.25
19,16/08/2014,NORTH INDIA,135.35,146.63
20,09/08/2014,NORTH INDIA,138.28,148.72
21,02/08/2014,NORTH INDIA,138.13,154.46
22,26/07/2014,NORTH INDIA,139.87,158.32
23,19/07/2014,NORTH INDIA,141.49,162.21
24,12/07/2014,NORTH INDIA,144.34,170.59
25,05/07/2014,NORTH INDIA,146.67,169.74
26,28/06/2014,NORTH INDIA,145.39,171.76
27,21/06/2014,NORTH INDIA,142.77,169.49
28,14/06/2014,NORTH INDIA,141.77,162.76
29,07/06/2014,NORTH INDIA,141.91,156.41
30,31/05/2014,NORTH INDIA,141.75,154.17
31,24/05/2014,NORTH INDIA,143.72,154.27
32,17/05/2014,NORTH INDIA,146.91,154.71
33,10/05/2014,NORTH INDIA,143.95,153.12
34,03/05/2014,NORTH INDIA,145.27,157.37
35,26/04/2014,NORTH INDIA,145.62,153.96
36,19/04/2014,NORTH INDIA,147.34,143.34
37,12/04/2014,NORTH INDIA,144.19,155.58
38,05/04/2014,NORTH INDIA,138.99,135.85
39,29/03/2014,NORTH INDIA,NA,96.53
40,22/03/2014,NORTH INDIA,133.04,NA
41,15/03/2014,NORTH INDIA,NA,NA
42,08/03/2014,NORTH INDIA,129.80,103.20
43,01/03/2014,NORTH INDIA,140.62,NA
44,22/02/2014,NORTH INDIA,129.86,107.55
45,15/02/2014,NORTH INDIA,124.69,106.97
46,08/02/2014,NORTH INDIA,123.01,110.04
47,01/02/2014,NORTH INDIA,121.67,112.06
48,25/01/2014,NORTH INDIA,124.49,114.48
49,18/01/2014,NORTH INDIA,125.96,118.11
50,11/01/2014,NORTH INDIA,128.46,122.71
51,04/01/2014,NORTH INDIA,133.08,128.39
52,27/12/2014,SOUTH INDIA,NA,NA
53,20/12/2014,SOUTH INDIA,83.37,76.20
54,13/12/2014,SOUTH INDIA,82.12,75.99
55,06/12/2014,SOUTH INDIA,81.49,74.67
56,29/11/2014,SOUTH INDIA,84.97,72.99
57,22/11/2014,SOUTH INDIA,85.20,70.89
58,15/11/2014,SOUTH INDIA,84.71,70.54
59,08/11/2014,SOUTH INDIA,84.99,72.44
60,01/11/2014,SOUTH INDIA,89.36,71.52
61,25/10/2014,SOUTH INDIA,90.18,74.20
62,18/10/2014,SOUTH INDIA,93.40,78.81
63,11/10/2014,SOUTH INDIA,98.99,80.04
64,04/10/2014,SOUTH INDIA,100.13,83.27
65,27/09/2014,SOUTH INDIA,104.68,80.70
66,20/09/2014,SOUTH INDIA,90.64,77.09
67,13/09/2014,SOUTH INDIA,104.45,67.17
68,06/09/2014,SOUTH INDIA,100.56,74.06
69,30/08/2014,SOUTH INDIA,98.19,74.09
70,23/08/2014,SOUTH INDIA,96.14,73.03
71,16/08/2014,SOUTH INDIA,98.30,73.27
72,09/08/2014,SOUTH INDIA,97.10,72.65
73,02/08/2014,SOUTH INDIA,95.31,76.70
74,26/07/2014,SOUTH INDIA,95.14,74.42
75,19/07/2014,SOUTH INDIA,95.83,75.26
76,12/07/2014,SOUTH INDIA,96.28,84.53
77,05/07/2014,SOUTH INDIA,98.54,81.05
78,28/06/2014,SOUTH INDIA,99.02,81.90
79,21/06/2014,SOUTH INDIA,98.28,81.44
80,14/06/2014,SOUTH INDIA,97.41,82.10
81,07/06/2014,SOUTH INDIA,99.72,84.06
82,31/05/2014,SOUTH INDIA,100.96,86.25
83,24/05/2014,SOUTH INDIA,98.83,88.00
84,17/05/2014,SOUTH INDIA,96.67,89.70
85,10/05/2014,SOUTH INDIA,97.61,91.72
86,03/05/2014,SOUTH INDIA,105.15,89.57
87,26/04/2014,SOUTH INDIA,109.41,87.06
88,19/04/2014,SOUTH INDIA,111.92,71.96
89,12/04/2014,SOUTH INDIA,113.24,86.42
90,05/04/2014,SOUTH INDIA,116.21,82.52
91,29/03/2014,SOUTH INDIA,109.13,87.06
92,22/03/2014,SOUTH INDIA,119.79,89.98
93,15/03/2014,SOUTH INDIA,111.15,91.20
94,08/03/2014,SOUTH INDIA,106.82,91.37
95,01/03/2014,SOUTH INDIA,101.36,92.15
96,22/02/2014,SOUTH INDIA,100.57,94.25
97,15/02/2014,SOUTH INDIA,100.68,95.14
98,08/02/2014,SOUTH INDIA,100.47,92.44
99,01/02/2014,SOUTH INDIA,99.01,93.30
100,25/01/2014,SOUTH INDIA,98.95,92.00
101,18/01/2014,SOUTH INDIA,99.19,93.60
102,11/01/2014,SOUTH INDIA,100.68,87.80
103,04/01/2014,SOUTH INDIA,101.26,85.28
104,27/12/2014,ALL INDIA,129.03,134.37
105,20/12/2014,ALL INDIA,115.27,124.45
106,13/12/2014,ALL INDIA,116.03,126.61
107,06/12/2014,ALL INDIA,121.64,128.46
108,29/11/2014,ALL INDIA,124.26,126.93
109,22/11/2014,ALL INDIA,121.38,127.85
110,15/11/2014,ALL INDIA,118.78,128.66
111,08/11/2014,ALL INDIA,121.92,123.74
112,01/11/2014,ALL INDIA,124.06,124.06
113,25/10/2014,ALL INDIA,125.46,122.20
114,18/10/2014,ALL INDIA,93.40,125.51
115,11/10/2014,ALL INDIA,124.25,123.38
116,04/10/2014,ALL INDIA,126.56,83.27
117,27/09/2014,ALL INDIA,127.82,126.66
118,20/09/2014,ALL INDIA,126.85,125.32
119,13/09/2014,ALL INDIA,127.04,129.07
120,06/09/2014,ALL INDIA,125.75,126.52
121,30/08/2014,ALL INDIA,126.18,128.65
122,23/08/2014,ALL INDIA,126.42,129.00
123,16/08/2014,ALL INDIA,128.17,128.88
124,09/08/2014,ALL INDIA,129.13,130.38
125,02/08/2014,ALL INDIA,127.83,136.19
126,26/07/2014,ALL INDIA,128.78,133.25
127,19/07/2014,ALL INDIA,128.82,135.03
128,12/07/2014,ALL INDIA,131.60,150.54
129,05/07/2014,ALL INDIA,132.46,142.43
130,28/06/2014,ALL INDIA,128.83,138.05
131,21/06/2014,ALL INDIA,125.70,133.87
132,14/06/2014,ALL INDIA,125.00,128.46
133,07/06/2014,ALL INDIA,127.98,125.14
134,31/05/2014,ALL INDIA,127.80,126.09
135,24/05/2014,ALL INDIA,125.12,128.04
136,17/05/2014,ALL INDIA,124.30,130.16
137,10/05/2014,ALL INDIA,123.46,129.06
138,03/05/2014,ALL INDIA,128.74,129.11
139,26/04/2014,ALL INDIA,128.99,126.16
140,19/04/2014,ALL INDIA,128.45,112.54
141,12/04/2014,ALL INDIA,129.03,107.06
142,05/04/2014,ALL INDIA,125.36,100.43
143,29/03/2014,ALL INDIA,109.13,91.16
144,22/03/2014,ALL INDIA,123.75,89.98
145,15/03/2014,ALL INDIA,111.15,91.20
146,08/03/2014,ALL INDIA,116.51,98.76
147,01/03/2014,ALL INDIA,117.13,92.15
148,22/02/2014,ALL INDIA,119.39,103.07
149,15/02/2014,ALL INDIA,117.08,103.60
150,08/02/2014,ALL INDIA,116.86,105.25
151,01/02/2014,ALL INDIA,115.14,107.57
152,25/01/2014,ALL INDIA,116.99,108.66
153,18/01/2014,ALL INDIA,119.70,111.98
154,11/01/2014,ALL INDIA,120.83,113.33
155,04/01/2014,ALL INDIA,124.50,116.63
0,29/12/2018,NORTH INDIA,139.21,141.50
1,22/12/2018,NORTH INDIA,139.79,144.26
2,15/12/2018,NORTH INDIA,142.40,147.09
3,08/12/2018,NORTH INDIA,142.67,149.38
4,01/12/2018,NORTH INDIA,144.72,152.47
5,24/11/2018,NORTH INDIA,145.73,150.44
6,17/11/2018,NORTH INDIA,144.48,150.63
7,10/11/2018,NORTH INDIA,145.67,150.60
8,27/10/2018,NORTH INDIA,147.24,150.40
9,13/10/2018,NORTH INDIA,148.83,149.09
10,20/10/2018,NORTH INDIA,150.38,NA
11,06/10/2018,NORTH INDIA,145.47,148.21
12,29/09/2018,NORTH INDIA,NA,147.20
13,22/09/2018,NORTH INDIA,148.24,148.68
14,15/09/2018,NORTH INDIA,143.03,150.78
15,08/09/2018,NORTH INDIA,143.25,152.34
16,01/09/2018,NORTH INDIA,144.05,152.97
17,25/08/2018,NORTH INDIA,147.57,152.66
18,18/08/2018,NORTH INDIA,149.11,155.09
19,11/08/2018,NORTH INDIA,147.38,158.01
20,04/04/2018,NORTH INDIA,145.68,159.97
21,28/07/2018,NORTH INDIA,146.26,161.05
22,21/07/2018,NORTH INDIA,147.95,161.80
23,14/07/2018,NORTH INDIA,146.90,160.99
24,07/07/2018,NORTH INDIA,151.11,162.26
25,30/06/2018,NORTH INDIA,150.71,165.89
26,23/06/2018,NORTH INDIA,153.88,164.09
27,16/06/2018,NORTH INDIA,153.94,156.02
28,09/06/2018,NORTH INDIA,145.84,151.75
29,02/06/2018,NORTH INDIA,137.62,151.18
30,26/05/2018,NORTH INDIA,135.39,148.75
31,19/05/2018,NORTH INDIA,139.24,149.43
32,12/05/2018,NORTH INDIA,142.62,149.35
33,05/05/2018,NORTH INDIA,142.28,148.86
34,28/04/2018,NORTH INDIA,145.09,152.22
35,21/04/2018,NORTH INDIA,145.52,151.98
36,14/04/2018,NORTH INDIA,141.98,144.86
37,07/04/2018,NORTH INDIA,124.34,146.44
38,31/03/2018,NORTH INDIA,114.71,96.47
39,24/03/2018,NORTH INDIA,101.96,99.48
40,17/03/2018,NORTH INDIA,107.42,NA
41,10/03/2018,NORTH INDIA,107.85,95.27
42,03/03/2018,NORTH INDIA,106.37,105.67
43,24/02/2018,NORTH INDIA,110.35,103.66
44,17/02/2018,NORTH INDIA,110.32,106.88
45,10/02/2018,NORTH INDIA,110.95,108.30
46,03/02/2018,NORTH INDIA,112.87,113.31
47,27/01/2018,NORTH INDIA,115.90,114.86
48,20/01/2018,NORTH INDIA,NA,125.22
49,14/01/2018,NORTH INDIA,124.87,127.51
50,07/01/2018,NORTH INDIA,129.46,134.82
51,29/12/2018,SOUTH INDIA,65.60,88.46
52,22/12/2018,SOUTH INDIA,90.45,105.02
53,15/12/2018,SOUTH INDIA,89.89,105.83
54,08/12/2018,SOUTH INDIA,87.39,109.38
55,01/12/2018,SOUTH INDIA,86.71,109.27
56,24/11/2018,SOUTH INDIA,87.33,108.99
57,17/11/2018,SOUTH INDIA,86.87,107.59
58,10/11/2018,SOUTH INDIA,87.94,111.74
59,27/10/2018,SOUTH INDIA,85.75,102.10
60,13/10/2018,SOUTH INDIA,90.04,103.09
61,20/10/2018,SOUTH INDIA,110.17,103.66
62,06/10/2018,SOUTH INDIA,86.39,102.68
63,29/09/2018,SOUTH INDIA,86.18,104.81
64,22/09/2018,SOUTH INDIA,84.06,108.17
65,15/09/2018,SOUTH INDIA,80.96,104.41
66,08/09/2018,SOUTH INDIA,69.00,101.30
67,01/09/2018,SOUTH INDIA,78.14,106.42
68,25/08/2018,SOUTH INDIA,79.34,90.57
69,18/08/2018,SOUTH INDIA,79.29,97.38
70,11/08/2018,SOUTH INDIA,84.96,92.83
71,04/04/2018,SOUTH INDIA,84.05,93.41
72,28/07/2018,SOUTH INDIA,83.99,91.53
73,21/07/2018,SOUTH INDIA,80.77,88.58
74,14/07/2018,SOUTH INDIA,87.57,89.60
75,07/07/2018,SOUTH INDIA,98.91,86.93
76,30/06/2018,SOUTH INDIA,84.65,87.32
77,23/06/2018,SOUTH INDIA,86.98,88.63
78,16/06/2018,SOUTH INDIA,87.82,89.16
79,09/06/2018,SOUTH INDIA,88.13,88.57
80,02/06/2018,SOUTH INDIA,89.46,88.41
81,26/05/2018,SOUTH INDIA,93.91,87.79
82,19/05/2018,SOUTH INDIA,98.20,90.03
83,12/05/2018,SOUTH INDIA,97.40,93.89
84,05/05/2018,SOUTH INDIA,98.15,98.95
85,28/04/2018,SOUTH INDIA,104.34,100.22
86,21/04/2018,SOUTH INDIA,113.18,103.69
87,14/04/2018,SOUTH INDIA,104.29,101.77
88,07/04/2018,SOUTH INDIA,116.17,103.23
89,31/03/2018,SOUTH INDIA,117.03,92.73
90,24/03/2018,SOUTH INDIA,116.47,104.14
91,17/03/2018,SOUTH INDIA,116.33,103.33
92,10/03/2018,SOUTH INDIA,117.46,102.81
93,03/03/2018,SOUTH INDIA,118.95,102.59
94,24/02/2018,SOUTH INDIA,116.54,104.13
95,17/02/2018,SOUTH INDIA,115.80,103.89
96,10/02/2018,SOUTH INDIA,114.37,103.85
97,03/02/2018,SOUTH INDIA,112.38,102.62
98,27/01/2018,SOUTH INDIA,111.21,99.12
99,20/01/2018,SOUTH INDIA,111.18,97.20
100,14/01/2018,SOUTH INDIA,110.38,97.74
101,07/01/2018,SOUTH INDIA,109.15,94.84
102,29/12/2018,ALL INDIA,137.50,140.23
103,22/12/2018,ALL INDIA,130.51,136.37
104,15/12/2018,ALL INDIA,133.04,138.88
105,08/12/2018,ALL INDIA,132.80,142.55
106,01/12/2018,ALL INDIA,134.52,145.12
107,24/11/2018,ALL INDIA,134.82,142.14
108,17/11/2018,ALL INDIA,133.20,142.39
109,10/11/2018,ALL INDIA,133.42,143.71
110,27/10/2018,ALL INDIA,134.50,140.84
111,13/10/2018,ALL INDIA,139.70,140.75
112,20/10/2018,ALL INDIA,146.60,103.66
113,06/10/2018,ALL INDIA,133.74,141.33
114,29/09/2018,ALL INDIA,86.18,141.65
115,22/09/2018,ALL INDIA,135.90,141.70
116,15/09/2018,ALL INDIA,129.85,143.48
117,08/09/2018,ALL INDIA,130.91,144.80
118,01/09/2018,ALL INDIA,129.72,145.43
119,25/08/2018,ALL INDIA,133.72,144.40
120,18/08/2018,ALL INDIA,134.47,143.68
121,11/08/2018,ALL INDIA,135.40,146.90
122,04/04/2018,ALL INDIA,130.89,145.84
123,28/07/2018,ALL INDIA,131.56,145.36
124,21/07/2018,ALL INDIA,129.64,142.93
125,14/07/2018,ALL INDIA,136.10,142.39
126,07/07/2018,ALL INDIA,143.32,141.30
127,30/06/2018,ALL INDIA,134.98,142.60
128,23/06/2018,ALL INDIA,135.25,141.59
129,16/06/2018,ALL INDIA,133.94,137.19
130,09/06/2018,ALL INDIA,126.34,131.74
131,02/06/2018,ALL INDIA,122.46,129.96
132,26/05/2018,ALL INDIA,121.90,128.60
133,19/05/2018,ALL INDIA,124.71,128.79
134,12/05/2018,ALL INDIA,123.92,129.82
135,05/05/2018,ALL INDIA,124.09,132.36
136,28/04/2018,ALL INDIA,129.89,134.41
137,21/04/2018,ALL INDIA,132.80,130.69
138,14/04/2018,ALL INDIA,127.35,125.09
139,07/04/2018,ALL INDIA,120.15,118.72
140,31/03/2018,ALL INDIA,116.11,94.81
141,24/03/2018,ALL INDIA,110.44,102.22
142,17/03/2018,ALL INDIA,110.77,103.33
143,10/03/2018,ALL INDIA,110.98,99.00
144,03/03/2018,ALL INDIA,109.36,104.52
145,24/02/2018,ALL INDIA,111.95,103.78
146,17/02/2018,ALL INDIA,111.35,106.42
147,10/02/2018,ALL INDIA,111.46,107.50
148,03/02/2018,ALL INDIA,112.79,111.32
149,27/01/2018,ALL INDIA,115.06,111.09
150,20/01/2018,ALL INDIA,120.74,119.68
151,14/01/2018,ALL INDIA,122.11,121.18
152,07/01/2018,ALL INDIA,125.48,127.16
0,31/12/2022,NORTH INDIA,175.37,163.28
1,24/12/2022,NORTH INDIA,178.87,167.17
2,17/12/2022,NORTH INDIA,182.88,170.61
3,10/12/2022,NORTH INDIA,186.49,178.34
4,03/12/2022,NORTH INDIA,187.95,179.77
5,26/11/2022,NORTH INDIA,193.12,183.33
6,19/11/2022,NORTH INDIA,194.83,186.76
7,12/11/2022,NORTH INDIA,191.72,190.02
8,05/11/2022,NORTH INDIA,197.54,192.32
9,29/10/2022,NORTH INDIA,184.38,197.06
10,22/10/2022,NORTH INDIA,188.61,200.57
11,15/10/2022,NORTH INDIA,149.51,198.01
12,08/10/2022,NORTH INDIA,179.49,NA
13,01/10/2022,NORTH INDIA,183.99,192.46
14,24/09/2022,NORTH INDIA,182.63,191.90
15,17/09/2022,NORTH INDIA,181.81,198.56
16,10/09/2022,NORTH INDIA,181.06,208.25
17,03/09/2022,NORTH INDIA,182.32,212.23
18,27/08/2022,NORTH INDIA,182.54,209.69
19,20/08/2022,NORTH INDIA,183.56,208.34
20,13/08/2022,NORTH INDIA,182.57,211.27
21,06/08/2022,NORTH INDIA,186.49,213.33
22,30/07/2022,NORTH INDIA,188.83,214.94
23,23/07/2022,NORTH INDIA,191.91,208.35
24,16/07/2022,NORTH INDIA,197.01,203.70
25,09/07/2022,NORTH INDIA,201.79,211.09
26,02/07/2022,NORTH INDIA,216.84,220.10
27,25/06/2022,NORTH INDIA,220.51,223.02
28,18/06/2022,NORTH INDIA,224.71,224.88
29,11/06/2022,NORTH INDIA,226.24,206.58
30,04/06/2022,NORTH INDIA,222.90,190.59
31,28/05/2022,NORTH INDIA,216.28,182.55
32,21/05/2022,NORTH INDIA,214.96,182.87
33,14/05/2022,NORTH INDIA,209.64,184.57
34,07/05/2022,NORTH INDIA,205.92,195.63
35,30/04/2022,NORTH INDIA,199.96,213.68
36,23/04/2022,NORTH INDIA,205.65,238.25
37,16/04/2022,NORTH INDIA,212.37,237.10
38,09/04/2022,NORTH INDIA,212.47,253.83
39,02/04/2022,NORTH INDIA,157.20,159.11
40,26/03/2022,NORTH INDIA,158.23,144.31
41,19/03/2022,NORTH INDIA,NA,NA
42,12/03/2022,NORTH INDIA,146.51,100.59
43,05/03/2022,NORTH INDIA,147.73,132.14
44,26/02/2022,NORTH INDIA,156.87,134.13
45,19/02/2022,NORTH INDIA,156.87,135.50
46,12/02/2022,NORTH INDIA,157.54,147.27
47,05/02/2022,NORTH INDIA,158.52,149.85
48,29/01/2022,NORTH INDIA,162.76,142.57
49,22/01/2022,NORTH INDIA,167.33,153.93
50,15/01/2022,NORTH INDIA,170.94,160.35
51,08/01/2022,NORTH INDIA,172.07,164.02
52,01/01/2022,NORTH INDIA,173.02,175.37
53,31/12/2022,SOUTH INDIA,NA,111.37
54,24/12/2022,SOUTH INDIA,108.75,122.29
55,17/12/2022,SOUTH INDIA,107.62,117.94
56,10/12/2022,SOUTH INDIA,107.39,114.89
57,03/12/2022,SOUTH INDIA,104.29,116.58
58,26/11/2022,SOUTH INDIA,103.61,119.68
59,19/11/2022,SOUTH INDIA,102.89,121.45
60,12/11/2022,SOUTH INDIA,97.74,121.51
61,05/11/2022,SOUTH INDIA,97.98,119.97
62,29/10/2022,SOUTH INDIA,95.27,114.46
63,22/10/2022,SOUTH INDIA,92.97,109.13
64,15/10/2022,SOUTH INDIA,93.37,108.13
65,08/10/2022,SOUTH INDIA,94.25,108.12
66,01/10/2022,SOUTH INDIA,98.08,112.02
67,24/09/2022,SOUTH INDIA,99.80,110.39
68,17/09/2022,SOUTH INDIA,100.30,108.38
69,10/09/2022,SOUTH INDIA,96.96,98.64
70,03/09/2022,SOUTH INDIA,99.69,108.09
71,27/08/2022,SOUTH INDIA,99.05,108.72
72,20/08/2022,SOUTH INDIA,91.57,105.69
73,13/08/2022,SOUTH INDIA,97.05,101.74
74,06/08/2022,SOUTH INDIA,99.12,101.15
75,30/07/2022,SOUTH INDIA,98.81,100.49
76,23/07/2022,SOUTH INDIA,98.04,94.45
77,16/07/2022,SOUTH INDIA,98.15,89.31
78,09/07/2022,SOUTH INDIA,97.43,90.17
79,02/07/2022,SOUTH INDIA,102.95,89.43
80,25/06/2022,SOUTH INDIA,102.75,104.00
81,18/06/2022,SOUTH INDIA,106.21,91.28
82,11/06/2022,SOUTH INDIA,116.23,94.50
83,04/06/2022,SOUTH INDIA,121.34,97.09
84,28/05/2022,SOUTH INDIA,139.23,97.14
85,21/05/2022,SOUTH INDIA,135.36,98.88
86,14/05/2022,SOUTH INDIA,130.33,102.13
87,07/05/2022,SOUTH INDIA,124.23,104.44
88,30/04/2022,SOUTH INDIA,119.65,106.35
89,23/04/2022,SOUTH INDIA,121.54,106.92
90,16/04/2022,SOUTH INDIA,122.66,91.9
91,09/04/2022,SOUTH INDIA,127.60,102.80
92,02/04/2022,SOUTH INDIA,120.57,104.93
93,26/03/2022,SOUTH INDIA,141.04,103.93
94,19/03/2022,SOUTH INDIA,140.71,104.57
95,12/03/2022,SOUTH INDIA,140.06,108.60
96,05/03/2022,SOUTH INDIA,137.18,112.23
97,26/02/2022,SOUTH INDIA,143.06,114.81
98,19/02/2022,SOUTH INDIA,145.31,117.12
99,12/02/2022,SOUTH INDIA,146.09,118.36
100,05/02/2022,SOUTH INDIA,142.89,118.24
101,29/01/2022,SOUTH INDIA,147.95,119.27
102,22/01/2022,SOUTH INDIA,146.29,116.80
103,15/01/2022,SOUTH INDIA,147.11,114.56
104,08/01/2022,SOUTH INDIA,145.61,110.04
105,01/01/2022,SOUTH INDIA,108.74,NA
106,31/12/2022,ALL INDIA,175.37,158.26
107,24/12/2022,ALL INDIA,164.95,159.78
108,17/12/2022,ALL INDIA,168.97,161.16
109,10/12/2022,ALL INDIA,173.14,166.78
110,03/12/2022,ALL INDIA,171.78,168.71
111,26/11/2022,ALL INDIA,177.86,172.26
112,19/11/2022,ALL INDIA,179.24,175.16
113,12/11/2022,ALL INDIA,174.70,178.42
114,05/11/2022,ALL INDIA,173.82,179.77
115,29/10/2022,ALL INDIA,167.83,181.77
116,22/10/2022,ALL INDIA,169.88,182.48
117,15/10/2022,ALL INDIA,93.41,179.75
118,08/10/2022,ALL INDIA,163.74,108.12
119,01/10/2022,ALL INDIA,169.61,175.55
120,24/09/2022,ALL INDIA,166.48,176.94
121,17/09/2022,ALL INDIA,163.81,182.65
122,10/09/2022,ALL INDIA,165.06,191.27
123,03/09/2022,ALL INDIA,167.44,191.27
124,27/08/2022,ALL INDIA,165.70,190.76
125,20/08/2022,ALL INDIA,170.48,186.31
126,13/08/2022,ALL INDIA,164.25,184.19
127,06/08/2022,ALL INDIA,169.93,187.66
128,30/07/2022,ALL INDIA,168.36,188.02
129,23/07/2022,ALL INDIA,169.39,177.10
130,16/07/2022,ALL INDIA,173.19,169.59
131,09/07/2022,ALL INDIA,175.61,182.83
132,02/07/2022,ALL INDIA,185.79,187.70
133,25/06/2022,ALL INDIA,180.06,199.82
134,18/06/2022,ALL INDIA,180.65,185.49
135,11/06/2022,ALL INDIA,194.58,171.01
136,04/06/2022,ALL INDIA,187.09,157.04
137,28/05/2022,ALL INDIA,197.66,149.78
138,21/05/2022,ALL INDIA,185.02,152.88
139,14/05/2022,ALL INDIA,173.46,156.25
140,07/05/2022,ALL INDIA,175.32,164.40
141,30/04/2022,ALL INDIA,168.07,179.41
142,23/04/2022,ALL INDIA,176.35,180.42
143,16/04/2022,ALL INDIA,171.43,160.35
144,09/04/2022,ALL INDIA,174.50,147.91
145,02/04/2022,ALL INDIA,129.32,119.85
146,26/03/2022,ALL INDIA,147.48,109.55
147,19/03/2022,ALL INDIA,140.71,104.57
148,12/03/2022,ALL INDIA,143.54,108.59
149,05/03/2022,ALL INDIA,142.20,116.09
150,26/02/2022,ALL INDIA,151.61,126.31
151,19/02/2022,ALL INDIA,153.31,121.66
152,12/02/2022,ALL INDIA,154.54,135.83
153,05/02/2022,ALL INDIA,155.20,141.97
154,29/01/2022,ALL INDIA,159.99,135.60
155,22/01/2022,ALL INDIA,163.48,146.69
156,15/01/2022,ALL INDIA,166.14,151.39
157,08/01/2022,ALL INDIA,167.12,153.75
158,01/01/2022,ALL INDIA,171.76,175.37
0,28/12/2013,NORTH INDIA,133.93,129.03
1,21/12/2013,NORTH INDIA,135.43,127.74
2,07/12/2013,NORTH INDIA,136.85,133.11
3,30/11/2013,NORTH INDIA,138.57,134.36
4,23/11/2013,NORTH INDIA,138.20,133.22
5,16/11/2013,NORTH INDIA,140.70,131.80
6,09/11/2013,NORTH INDIA,133.74,133.07
7,02/11/2013,NORTH INDIA,131.61,131.79
8,26/10/2013,NORTH INDIA,NA,133.83
9,19/10/2013,NORTH INDIA,130.82,NA
10,12/10/2013,NORTH INDIA,131.03,135.10
11,05/10/2013,NORTH INDIA,124.03,133.80
12,28/09/2013,NORTH INDIA,132.88,133.83
13,21/09/2013,NORTH INDIA,135.09,132.44
14,14/09/2013,NORTH INDIA,136.68,132.11
15,07/09/2013,NORTH INDIA,137.02,130.57
16,31/08/2013,NORTH INDIA,137.41,132.51
17,24/08/2013,NORTH INDIA,140.43,133.14
18,17/08/2013,NORTH INDIA,138.65,135.35
19,10/08/2013,NORTH INDIA,142.31,138.27
20,03/08/2013,NORTH INDIA,143.20,138.13
21,27/07/2013,NORTH INDIA,143.90,139.87
22,20/07/2013,NORTH INDIA,143.84,141.49
23,13/07/2013,NORTH INDIA,143.55,144.34
24,06/07/2013,NORTH INDIA,147.60,146.67
25,29/06/2013,NORTH INDIA,149.74,145.39
26,22/06/2013,NORTH INDIA,153.83,142.77
27,15/06/2013,NORTH INDIA,158.77,141.77
28,08/06/2013,NORTH INDIA,164.25,141.90
29,01/06/2013,NORTH INDIA,163.64,141.75
30,25/05/2013,NORTH INDIA,163.17,143.72
31,18/05/2013,NORTH INDIA,158.04,146.91
32,11/05/2013,NORTH INDIA,154.22,143.94
33,04/05/2013,NORTH INDIA,152.88,145.26
34,27/04/2013,NORTH INDIA,150.37,145.62
35,20/04/2013,NORTH INDIA,135.97,147.34
36,13/04/2013,NORTH INDIA,145.17,144.20
37,06/04/2013,NORTH INDIA,119.85,138.99
38,30/03/2013,NORTH INDIA,84.67,NA
39,23/03/2013,NORTH INDIA,74.01,133.04
40,16/03/2013,NORTH INDIA,79.96,NA
41,09/03/2013,NORTH INDIA,84.99,129.80
42,02/03/2013,NORTH INDIA,89.87,140.62
43,23/02/2013,NORTH INDIA,90.48,129.86
44,16/02/2013,NORTH INDIA,93.19,124.69
45,09/02/2013,NORTH INDIA,93.76,123.01
46,02/02/2013,NORTH INDIA,98.11,121.67
47,26/01/2013,NORTH INDIA,99.55,124.49
48,19/01/2013,NORTH INDIA,101.81,125.96
49,12/01/2013,NORTH INDIA,102.80,128.46
50,05/01/2013,NORTH INDIA,105.77,133.08
51,28/12/2013,SOUTH INDIA,NA,NA
52,21/12/2013,SOUTH INDIA,99.94,83.37
53,07/12/2013,SOUTH INDIA,96.05,81.49
54,30/11/2013,SOUTH INDIA,95.75,84.97
55,23/11/2013,SOUTH INDIA,93.95,85.20
56,16/11/2013,SOUTH INDIA,92.26,84.71
57,09/11/2013,SOUTH INDIA,90.30,84.99
58,02/11/2013,SOUTH INDIA,88.90,89.36
59,26/10/2013,SOUTH INDIA,88.08,90.18
60,19/10/2013,SOUTH INDIA,88.84,93.40
61,12/10/2013,SOUTH INDIA,88.08,98.99
62,05/10/2013,SOUTH INDIA,89.19,100.13
63,28/09/2013,SOUTH INDIA,92.08,104.69
64,21/09/2013,SOUTH INDIA,94.24,90.64
65,14/09/2013,SOUTH INDIA,94.36,104.45
66,07/09/2013,SOUTH INDIA,93.33,100.56
67,31/08/2013,SOUTH INDIA,89.97,98.19
68,24/08/2013,SOUTH INDIA,90.18,96.14
69,17/08/2013,SOUTH INDIA,89.44,98.30
70,10/08/2013,SOUTH INDIA,88.96,97.10
71,03/08/2013,SOUTH INDIA,87.60,95.31
72,27/07/2013,SOUTH INDIA,84.99,95.14
73,20/07/2013,SOUTH INDIA,83.58,95.83
74,13/07/2013,SOUTH INDIA,82.55,96.28
75,06/07/2013,SOUTH INDIA,82.66,98.54
76,29/06/2013,SOUTH INDIA,82.93,99.02
77,22/06/2013,SOUTH INDIA,85.43,98.28
78,15/06/2013,SOUTH INDIA,90.78,97.41
79,08/06/2013,SOUTH INDIA,92.77,99.72
80,01/06/2013,SOUTH INDIA,93.10,100.96
81,25/05/2013,SOUTH INDIA,92.46,98.83
82,18/05/2013,SOUTH INDIA,91.75,96.67
83,11/05/2013,SOUTH INDIA,86.28,97.61
84,04/05/2013,SOUTH INDIA,85.36,105.15
85,27/04/2013,SOUTH INDIA,88.40,109.41
86,20/04/2013,SOUTH INDIA,87.60,111.32
87,13/04/2013,SOUTH INDIA,84.25,113.24
88,06/04/2013,SOUTH INDIA,73.43,116.21
89,30/03/2013,SOUTH INDIA,81.93,109.13
90,23/03/2013,SOUTH INDIA,80.28,119.79
91,16/03/2013,SOUTH INDIA,78.41,111.15
92,09/03/2013,SOUTH INDIA,78.45,106.82
93,02/03/2013,SOUTH INDIA,76.54,101.36
94,23/02/2013,SOUTH INDIA,74.88,100.57
95,16/02/2013,SOUTH INDIA,76.33,100.68
96,09/02/2013,SOUTH INDIA,76.18,100.47
97,02/02/2013,SOUTH INDIA,75.33,99.01
98,26/01/2013,SOUTH INDIA,76.23,98.95
99,19/01/2013,SOUTH INDIA,74.82,99.19
100,12/01/2013,SOUTH INDIA,73.03,100.68
101,05/01/2013,SOUTH INDIA,71.66,101.26
102,28/12/2013,ALL INDIA,133.93,129.03
103,21/12/2013,ALL INDIA,126.71,115.28
104,07/12/2013,ALL INDIA,127.13,121.64
105,30/11/2013,ALL INDIA,128.73,124.26
106,23/11/2013,ALL INDIA,127.75,121.39
107,16/11/2013,ALL INDIA,125.57,118.80
108,09/11/2013,ALL INDIA,123.99,121.92
109,02/11/2013,ALL INDIA,122.77,124.06
110,26/10/2013,ALL INDIA,88.08,125.46
111,19/10/2013,ALL INDIA,122.44,93.40
112,12/10/2013,ALL INDIA,122.75,124.25
113,05/10/2013,ALL INDIA,114.54,126.56
114,28/09/2013,ALL INDIA,124.96,127.82
115,21/09/2013,ALL INDIA,126.75,126.85
116,14/09/2013,ALL INDIA,127.94,127.03
117,07/09/2013,ALL INDIA,124.93,125.75
118,31/08/2013,ALL INDIA,130.45,126.23
119,24/08/2013,ALL INDIA,127.70,126.41
120,17/08/2013,ALL INDIA,123.77,128.17
121,10/08/2013,ALL INDIA,128.47,129.31
122,03/08/2013,ALL INDIA,128.80,127.83
123,27/07/2013,ALL INDIA,128.51,128.78
124,20/07/2013,ALL INDIA,127.09,128.82
125,13/07/2013,ALL INDIA,124.24,131.60
126,06/07/2013,ALL INDIA,125.30,132.46
127,29/06/2013,ALL INDIA,125.02,128.83
128,22/06/2013,ALL INDIA,127.99,125.70
129,15/06/2013,ALL INDIA,135.78,125.00
130,08/06/2013,ALL INDIA,137.95,127.98
131,01/06/2013,ALL INDIA,136.62,127.80
132,25/05/2013,ALL INDIA,135.78,125.12
133,18/05/2013,ALL INDIA,130.94,124.30
134,11/05/2013,ALL INDIA,126.78,123.46
135,04/05/2013,ALL INDIA,124.76,128.74
136,27/04/2013,ALL INDIA,119.51,128.99
137,20/04/2013,ALL INDIA,109.59,128.45
138,13/04/2013,ALL INDIA,100.13,129.04
139,06/04/2013,ALL INDIA,86.22,125.36
140,30/03/2013,ALL INDIA,83.27,109.13
141,23/03/2013,ALL INDIA,79.80,123.75
142,16/03/2013,ALL INDIA,78.82,111.15
143,09/03/2013,ALL INDIA,82.18,116.51
144,02/03/2013,ALL INDIA,85.11,117.13
145,23/02/2013,ALL INDIA,85.69,119.39
146,16/02/2013,ALL INDIA,89.00,117.08
147,09/02/2013,ALL INDIA,89.10,116.86
148,02/02/2013,ALL INDIA,93.49,115.14
149,26/01/2013,ALL INDIA,92.07,116.99
150,19/01/2013,ALL INDIA,94.13,119.70
151,12/01/2013,ALL INDIA,95.89,120.83
152,05/01/2013,ALL INDIA,97.38,124.50
0,26/12/2009,NORTH INDIA,91.94,112.65
1,19/12/2009,NORTH INDIA,93.05,115.61
2,12/12/2009,NORTH INDIA,93.54,116.36
3,05/12/2009,NORTH INDIA,97.66,117.89
4,28/11/2009,NORTH INDIA,98.49,119.64
5,21/11/2009,NORTH INDIA,97.82,122.41
6,14/11/2009,NORTH INDIA,99.18,122.28
7,07/11/2009,NORTH INDIA,100.13,121.37
8,31/10/2009,NORTH INDIA,99.15,119.12
9,24/10/2009,NORTH INDIA,106.57,120.57
10,17/10/2009,NORTH INDIA,106.50,122.05
11,10/10/2009,NORTH INDIA,NA,119.19
12,03/10/2009,NORTH INDIA,104.43,NA
13,26/09/2009,NORTH INDIA,105.07,115.61
14,19/09/2009,NORTH INDIA,102.90,115.00
15,12/09/2009,NORTH INDIA,97.99,116.34
16,05/09/2009,NORTH INDIA,96.59,116.80
17,29/08/2009,NORTH INDIA,95.42,114.09
18,22/08/2009,NORTH INDIA,95.84,116.13
19,15/08/2009,NORTH INDIA,95.28,114.76
20,08/08/2009,NORTH INDIA,93.71,114.20
21,01/08/2009,NORTH INDIA,92.68,113.46
22,25/07/2009,NORTH INDIA,92.38,110.97
23,18/07/2009,NORTH INDIA,91.82,111.84
24,11/07/2009,NORTH INDIA,92.39,117.95
25,04/07/2009,NORTH INDIA,92.94,122.99
26,27/06/2009,NORTH INDIA,95.49,125.26
27,20/06/2009,NORTH INDIA,96.31,126.83
28,13/06/2009,NORTH INDIA,94.40,126.59
29,06/06/2009,NORTH INDIA,90.91,130.56
30,30/05/2009,NORTH INDIA,89.52,135.44
31,23/05/2009,NORTH INDIA,89.30,136.10
32,16/05/2009,NORTH INDIA,89.08,132.34
33,09/05/2009,NORTH INDIA,88.31,128.72
34,02/05/2009,NORTH INDIA,88.47,122.29
35,25/04/2009,NORTH INDIA,91.50,113.29
36,18/04/2009,NORTH INDIA,92.98,115.41
37,11/04/2009,NORTH INDIA,87.85,106.07
38,04/04/2009,NORTH INDIA,79.57,87.09
39,28/03/2009,NORTH INDIA,63.50,78.90
40,21/03/2009,NORTH INDIA,58.96,75.87
41,14/03/2009,NORTH INDIA,NA,NA
42,07/03/2009,NORTH INDIA,65.91,75.94
43,28/02/2009,NORTH INDIA,56.12,76.84
44,21/02/2009,NORTH INDIA,61.57,79.37
45,14/02/2009,NORTH INDIA,64.18,82.66
46,07/02/2009,NORTH INDIA,64.51,86.10
47,31/01/2009,NORTH INDIA,65.82,86.16
48,24/01/2009,NORTH INDIA,68.19,89.88
49,17/01/2009,NORTH INDIA,72.22,88.56
50,10/01/2009,NORTH INDIA,74.22,89.64
51,03/01/2009,NORTH INDIA,75.95,92.75
52,26/12/2009,SOUTH INDIA,64.40,72.30
53,19/12/2009,SOUTH INDIA,69.49,76.88
54,12/12/2009,SOUTH INDIA,66.30,77.46
55,05/12/2009,SOUTH INDIA,62.57,79.34
56,28/11/2009,SOUTH INDIA,68.34,78.61
57,21/11/2009,SOUTH INDIA,73.30,76.95
58,14/11/2009,SOUTH INDIA,72.95,77.53
59,07/11/2009,SOUTH INDIA,69.31,73.44
60,31/10/2009,SOUTH INDIA,79.20,73.50
61,24/10/2009,SOUTH INDIA,84.78,77.44
62,17/10/2009,SOUTH INDIA,87.23,72.43
63,10/10/2009,SOUTH INDIA,85.03,79.08
64,03/10/2009,SOUTH INDIA,84.50,81.86
65,26/09/2009,SOUTH INDIA,89.86,82.34
66,19/09/2009,SOUTH INDIA,87.43,82.03
67,12/09/2009,SOUTH INDIA,75.35,79.83
68,05/09/2009,SOUTH INDIA,76.62,74.10
69,29/08/2009,SOUTH INDIA,74.36,79.83
70,22/08/2009,SOUTH INDIA,74.96,78.88
71,15/08/2009,SOUTH INDIA,75.65,79.57
72,08/08/2009,SOUTH INDIA,71.81,79.76
73,01/08/2009,SOUTH INDIA,69.47,71.81
74,25/07/2009,SOUTH INDIA,65.44,82.20
75,18/07/2009,SOUTH INDIA,63.86,81.11
76,11/07/2009,SOUTH INDIA,63.02,79.45
77,04/07/2009,SOUTH INDIA,63.26,79.56
78,27/06/2009,SOUTH INDIA,64.14,82.26
79,20/06/2009,SOUTH INDIA,62.76,81.00
80,13/06/2009,SOUTH INDIA,60.78,81.17
81,06/06/2009,SOUTH INDIA,59.41,80.34
82,30/05/2009,SOUTH INDIA,58.05,89.07
83,23/05/2009,SOUTH INDIA,57.29,88.00
84,16/05/2009,SOUTH INDIA,55.63,88.09
85,09/05/2009,SOUTH INDIA,55.63,90.96
86,02/05/2009,SOUTH INDIA,56.81,85.72
87,25/04/2009,SOUTH INDIA,57.08,86.80
88,18/04/2009,SOUTH INDIA,56.02,85.33
89,11/04/2009,SOUTH INDIA,55.77,77.79
90,04/04/2009,SOUTH INDIA,55.42,80.15
91,28/03/2009,SOUTH INDIA,56.03,76.71
92,21/03/2009,SOUTH INDIA,55.21,75.95
93,14/03/2009,SOUTH INDIA,57.26,76.39
94,07/03/2009,SOUTH INDIA,56.59,79.00
95,28/02/2009,SOUTH INDIA,55.33,74.93
96,21/02/2009,SOUTH INDIA,54.71,74.81
97,14/02/2009,SOUTH INDIA,53.73,75.55
98,07/02/2009,SOUTH INDIA,53.90,74.91
99,31/01/2009,SOUTH INDIA,54.63,74.66
100,24/01/2009,SOUTH INDIA,52.96,76.95
101,17/01/2009,SOUTH INDIA,54.15,74.77
102,10/01/2009,SOUTH INDIA,54.10,74.10
103,03/01/2009,SOUTH INDIA,54.40,74.42
104,26/12/2009,ALL INDIA,90.54,107.49
105,19/12/2009,ALL INDIA,86.83,106.81
106,12/12/2009,ALL INDIA,86.51,107.98
107,05/12/2009,ALL INDIA,89.80,109.46
108,28/11/2009,ALL INDIA,92.35,109.87
109,21/11/2009,ALL INDIA,92.10,110.13
110,14/11/2009,ALL INDIA,92.65,116.03
111,07/11/2009,ALL INDIA,95.98,110.97
112,31/10/2009,ALL INDIA,94.08,108.40
113,24/10/2009,ALL INDIA,102.69,110.81
114,17/10/2009,ALL INDIA,102.06,115.61
115,10/10/2009,ALL INDIA,85.03,110.32
116,03/10/2009,ALL INDIA,99.96,81.86
117,26/09/2009,ALL INDIA,102.06,107.58
118,19/09/2009,ALL INDIA,99.85,106.95
119,12/09/2009,ALL INDIA,94.05,104.95
120,05/09/2009,ALL INDIA,91.67,106.52
121,29/08/2009,ALL INDIA,90.69,105.53
122,22/08/2009,ALL INDIA,91.14,106.08
123,15/08/2009,ALL INDIA,90.15,107.15
124,08/08/2009,ALL INDIA,88.02,107.14
125,01/08/2009,ALL INDIA,85.75,107.33
126,25/07/2009,ALL INDIA,85.06,104.27
127,18/07/2009,ALL INDIA,83.78,102.80
128,11/07/2009,ALL INDIA,83.09,104.66
129,04/07/2009,ALL INDIA,83.64,108.91
130,27/06/2009,ALL INDIA,84.59,110.74
131,20/06/2009,ALL INDIA,84.35,111.84
132,13/06/2009,ALL INDIA,80.17,109.06
133,06/06/2009,ALL INDIA,76.92,114.45
134,30/05/2009,ALL INDIA,76.03,119.86
135,23/05/2009,ALL INDIA,76.46,121.19
136,16/05/2009,ALL INDIA,76.46,117.59
137,09/05/2009,ALL INDIA,75.55,110.92
138,02/05/2009,ALL INDIA,76.88,105.70
139,25/04/2009,ALL INDIA,74.59,102.06
140,18/04/2009,ALL INDIA,64.74,93.70
141,11/04/2009,ALL INDIA,63.30,86.84
142,04/04/2009,ALL INDIA,59.25,82.60
143,28/03/2009,ALL INDIA,57.66,77.81
144,21/03/2009,ALL INDIA,56.59,75.91
145,14/03/2009,ALL INDIA,57.26,76.39
146,07/03/2009,ALL INDIA,63.72,76.96
147,28/02/2009,ALL INDIA,55.57,76.36
148,21/02/2009,ALL INDIA,58.52,78.29
149,14/02/2009,ALL INDIA,60.51,81.21
150,07/02/2009,ALL INDIA,61.35,83.21
151,31/01/2009,ALL INDIA,63.34,82.61
152,24/01/2009,ALL INDIA,64.19,87.41
153,17/01/2009,ALL INDIA,68.00,85.28
154,10/01/2009,ALL INDIA,69.98,85.94
155,03/01/2009,ALL INDIA,71.63,86.55
0,27/12/2008,NORTH INDIA,78.76,91.94
1,20/12/2008,NORTH INDIA,79.52,93.05
2,13/12/2008,NORTH INDIA,77.46,93.54
3,06/12/2008,NORTH INDIA,75.39,97.66
4,29/11/2008,NORTH INDIA,73.92,98.49
5,22/11/2008,NORTH INDIA,73.24,97.82
6,15/11/2008,NORTH INDIA,72.64,99.18
7,08/11/2008,NORTH INDIA,73.42,100.13
8,01/11/2008,NORTH INDIA,71.27,99.14
9,25/10/2008,NORTH INDIA,70.53,106.57
10,18/10/2008,NORTH INDIA,71.50,106.50
11,11/10/2008,NORTH INDIA,70.30,NA
12,04/10/2008,NORTH INDIA,68.75,104.43
13,27/09/2008,NORTH INDIA,68.24,105.07
14,20/09/2008,NORTH INDIA,67.66,102.90
15,13/09/2008,NORTH INDIA,67.04,97.99
16,06/09/2008,NORTH INDIA,68.14,96.59
17,30/08/2008,NORTH INDIA,67.65,95.42
18,23/08/2008,NORTH INDIA,68.09,95.84
19,16/08/2008,NORTH INDIA,68.95,95.28
20,09/08/2008,NORTH INDIA,68.90,93.71
21,02/08/2008,NORTH INDIA,69.87,92.68
22,26/07/2008,NORTH INDIA,71.65,92.38
23,19/07/2008,NORTH INDIA,71.54,91.82
24,12/07/2008,NORTH INDIA,73.15,92.39
25,05/07/2008,NORTH INDIA,75.36,92.94
26,28/06/2008,NORTH INDIA,77.62,95.49
27,21/06/2008,NORTH INDIA,78.37,96.31
28,14/06/2008,NORTH INDIA,77.90,94.40
29,07/06/2008,NORTH INDIA,75.34,90.91
30,31/05/2008,NORTH INDIA,74.46,89.52
31,24/05/2008,NORTH INDIA,72.00,89.30
32,17/05/2008,NORTH INDIA,71.34,89.08
33,10/05/2008,NORTH INDIA,71.10,88.31
34,03/05/2008,NORTH INDIA,72.90,88.47
35,26/04/2008,NORTH INDIA,76.05,91.50
36,19/04/2008,NORTH INDIA,78.24,92.98
37,12/04/2008,NORTH INDIA,82.36,87.85
38,05/04/2008,NORTH INDIA,76.16,79.57
39,29/03/2008,NORTH INDIA,54.23,63.50
40,22/03/2008,NORTH INDIA,NA,58.96
41,15/03/2008,NORTH INDIA,54.39,NA
42,08/03/2008,NORTH INDIA,53.51,65.91
43,01/03/2008,NORTH INDIA,NA,56.12
44,23/02/2008,NORTH INDIA,57.28,61.57
45,16/02/2008,NORTH INDIA,57.35,64.18
46,09/02/2008,NORTH INDIA,60.5,64.51
47,02/02/2008,NORTH INDIA,62.35,65.82
48,26/01/2008,NORTH INDIA,61.17,68.19
49,19/01/2008,NORTH INDIA,62.64,72.22
50,12/01/2008,NORTH INDIA,63.19,74.22
51,05/01/2008,NORTH INDIA,63.36,75.95
52,27/12/2008,SOUTH INDIA,50.85,64.40
53,20/12/2008,SOUTH INDIA,52.44,69.49
54,13/12/2008,SOUTH INDIA,50.42,66.30
55,06/12/2008,SOUTH INDIA,49.85,62.57
56,29/11/2008,SOUTH INDIA,48.72,68.34
57,22/11/2008,SOUTH INDIA,47.38,73.30
58,15/11/2008,SOUTH INDIA,45.74,72.95
59,08/11/2008,SOUTH INDIA,45.12,69.31
60,01/11/2008,SOUTH INDIA,44.56,79.21
61,25/10/2008,SOUTH INDIA,43.64,84.78
62,18/10/2008,SOUTH INDIA,43.41,87.23
63,11/10/2008,SOUTH INDIA,44.10,85.03
64,04/10/2008,SOUTH INDIA,44.94,84.50
65,27/09/2008,SOUTH INDIA,45.27,89.86
66,20/09/2008,SOUTH INDIA,45.22,87.43
67,13/09/2008,SOUTH INDIA,45.29,75.35
68,06/09/2008,SOUTH INDIA,45.12,76.62
69,30/08/2008,SOUTH INDIA,40.93,74.36
70,23/08/2008,SOUTH INDIA,46.01,74.96
71,16/08/2008,SOUTH INDIA,44.25,75.65
72,09/08/2008,SOUTH INDIA,44.52,71.81
73,02/08/2008,SOUTH INDIA,44.82,69.47
74,26/07/2008,SOUTH INDIA,45.22,65.44
75,19/07/2008,SOUTH INDIA,45.34,63.86
76,12/07/2008,SOUTH INDIA,44.89,63.02
77,05/07/2008,SOUTH INDIA,45.28,63.26
78,28/06/2008,SOUTH INDIA,45.99,64.14
79,21/06/2008,SOUTH INDIA,46.87,62.76
80,14/06/2008,SOUTH INDIA,48.24,60.78
81,07/06/2008,SOUTH INDIA,49.24,59.41
82,31/05/2008,SOUTH INDIA,49.81,58.05
83,24/05/2008,SOUTH INDIA,51.09,57.29
84,17/05/2008,SOUTH INDIA,51.37,55.63
85,10/05/2008,SOUTH INDIA,52.24,55.63
86,03/05/2008,SOUTH INDIA,52.64,56.81
87,26/04/2008,SOUTH INDIA,53.01,57.08
88,19/04/2008,SOUTH INDIA,52.84,56.02
89,12/04/2008,SOUTH INDIA,53.32,55.77
90,05/04/2008,SOUTH INDIA,47.22,55.42
91,29/03/2008,SOUTH INDIA,53.24,56.03
92,22/03/2008,SOUTH INDIA,53.54,55.21
93,15/03/2008,SOUTH INDIA,54.64,57.26
94,08/03/2008,SOUTH INDIA,49.04,56.59
95,01/03/2008,SOUTH INDIA,54.17,55.33
96,23/02/2008,SOUTH INDIA,54.81,54.71
97,16/02/2008,SOUTH INDIA,52.64,53.73
98,09/02/2008,SOUTH INDIA,52.48,53.9
99,02/02/2008,SOUTH INDIA,52.77,54.63
100,26/01/2008,SOUTH INDIA,53.86,52.96
101,19/01/2008,SOUTH INDIA,52.82,54.15
102,12/01/2008,SOUTH INDIA,51.52,54.1
103,05/01/2008,SOUTH INDIA,50.78,54.41
104,27/12/2008,ALL INDIA,76.33,90.54
105,20/12/2008,ALL INDIA,73.82,86.83
106,13/12/2008,ALL INDIA,72.10,86.51
107,06/12/2008,ALL INDIA,70.43,89.80
108,29/11/2008,ALL INDIA,69.33,92.35
109,22/11/2008,ALL INDIA,68.09,92.10
110,15/11/2008,ALL INDIA,66.92,92.65
111,08/11/2008,ALL INDIA,66.10,95.98
112,01/11/2008,ALL INDIA,65.88,94.08
113,25/10/2008,ALL INDIA,62.34,102.69
114,18/10/2008,ALL INDIA,58.72,102.06
115,11/10/2008,ALL INDIA,64.89,85.03
116,04/10/2008,ALL INDIA,64.11,99.96
117,27/09/2008,ALL INDIA,63.10,102.06
118,20/09/2008,ALL INDIA,62.58,99.85
119,13/09/2008,ALL INDIA,62.33,94.05
120,06/09/2008,ALL INDIA,62.29,91.67
121,30/08/2008,ALL INDIA,63.37,90.69
122,23/08/2008,ALL INDIA,62.75,91.14
123,16/08/2008,ALL INDIA,63.51,90.15
124,09/08/2008,ALL INDIA,62.68,88.02
125,02/08/2008,ALL INDIA,64.31,85.75
126,26/07/2008,ALL INDIA,65.37,85.06
127,19/07/2008,ALL INDIA,65.07,83.78
128,12/07/2008,ALL INDIA,66.22,83.09
129,05/07/2008,ALL INDIA,67.57,83.64
130,28/06/2008,ALL INDIA,67.91,84.59
131,21/06/2008,ALL INDIA,66.81,84.35
132,14/06/2008,ALL INDIA,65.52,80.17
133,07/06/2008,ALL INDIA,63.80,76.92
134,31/05/2008,ALL INDIA,64.42,76.03
135,24/05/2008,ALL INDIA,64.59,76.46
136,17/05/2008,ALL INDIA,65.92,76.46
137,10/05/2008,ALL INDIA,65.67,75.55
138,03/05/2008,ALL INDIA,66.28,76.88
139,26/04/2008,ALL INDIA,67.29,74.59
140,19/04/2008,ALL INDIA,66.48,64.74
141,12/04/2008,ALL INDIA,64.19,63.31
142,05/04/2008,ALL INDIA,58.31,59.25
143,29/03/2008,ALL INDIA,53.58,57.66
144,22/03/2008,ALL INDIA,53.54,56.59
145,15/03/2008,ALL INDIA,54.53,57.26
146,08/03/2008,ALL INDIA,52.63,63.72
147,01/03/2008,ALL INDIA,54.17,55.57
148,23/02/2008,ALL INDIA,56.62,58.52
149,16/02/2008,ALL INDIA,55.15,60.5
150,09/02/2008,ALL INDIA,58.63,61.35
151,02/02/2008,ALL INDIA,60.28,63.34
152,26/01/2008,ALL INDIA,59.43,64.19
153,19/01/2008,ALL INDIA,60.35,68
154,12/01/2008,ALL INDIA,60.46,69.99
155,05/01/2008,ALL INDIA,60.78,71.64
0,29/12/2012,NORTH INDIA,109.08,133.93
1,22/12/2012,NORTH INDIA,107.40,135.43
2,15/12/2012,NORTH INDIA,105.03,137.41
3,08/12/2012,NORTH INDIA,138.57,136.85
4,01/12/2012,NORTH INDIA,109.42,138.57
5,24/11/2012,NORTH INDIA,110.60,138.20
6,17/11/2012,NORTH INDIA,111.12,140.70
7,10/11/2012,NORTH INDIA,112.24,133.74
8,03/11/2012,NORTH INDIA,114.08,131.61
9,27/10/2012,NORTH INDIA,117.64,NA
10,20/10/2012,NORTH INDIA,113.25,130.82
11,13/10/2012,NORTH INDIA,111.33,131.03
12,06/10/2012,NORTH INDIA,NA,124.03
13,29/09/2012,NORTH INDIA,115.02,132.88
14,22/09/2012,NORTH INDIA,113.23,135.09
15,15/09/2012,NORTH INDIA,112.60,136.68
16,08/09/2012,NORTH INDIA,113.66,137.02
17,01/09/2012,NORTH INDIA,113.42,137.41
18,25/08/2012,NORTH INDIA,113.70,140.43
19,18/08/2012,NORTH INDIA,115.19,138.65
20,11/08/2012,NORTH INDIA,115.50,142.31
21,04/08/2012,NORTH INDIA,115.96,143.20
22,28/07/2012,NORTH INDIA,119.03,143.90
23,21/07/2012,NORTH INDIA,124.68,143.84
24,14/07/2012,NORTH INDIA,127.03,143.55
25,07/07/2012,NORTH INDIA,130.44,147.60
26,30/06/2012,NORTH INDIA,129.86,149.74
27,23/06/2012,NORTH INDIA,129.57,153.83
28,16/06/2012,NORTH INDIA,128.36,158.77
29,09/06/2012,NORTH INDIA,127.18,164.25
30,02/06/2012,NORTH INDIA,125.85,163.64
31,26/05/2012,NORTH INDIA,126.19,163.17
32,19/05/2012,NORTH INDIA,125.29,158.04
33,12/05/2012,NORTH INDIA,124.80,154.22
34,05/05/2012,NORTH INDIA,125.76,152.88
35,28/04/2012,NORTH INDIA,121.04,150.37
36,21/04/2012,NORTH INDIA,119.46,135.97
37,14/04/2012,NORTH INDIA,127.99,145.17
38,07/04/2012,NORTH INDIA,96.43,119.85
39,31/03/2012,NORTH INDIA,72.15,84.64
40,24/03/2012,NORTH INDIA,NA,74.04
41,17/03/2012,NORTH INDIA,NA,79.99
42,10/03/2012,NORTH INDIA,81.27,85.02
43,03/03/2012,NORTH INDIA,82.67,89.71
44,25/02/2012,NORTH INDIA,84.78,90.51
45,18/02/2012,NORTH INDIA,89.93,93.20
46,11/02/2012,NORTH INDIA,92.04,93.78
47,04/02/2012,NORTH INDIA,96.15,98.16
48,28/01/2012,NORTH INDIA,103.15,99.56
49,21/01/2012,NORTH INDIA,100.81,101.80
50,14/01/2012,NORTH INDIA,103.61,102.87
51,07/01/2012,NORTH INDIA,104.97,105.77
52,29/12/2012,SOUTH INDIA,NA,NA
53,22/12/2012,SOUTH INDIA,70.30,99.94
54,15/12/2012,SOUTH INDIA,68.22,98.33
55,08/12/2012,SOUTH INDIA,95.75,96.05
56,01/12/2012,SOUTH INDIA,65.54,95.75
57,24/11/2012,SOUTH INDIA,67.89,93.95
58,17/11/2012,SOUTH INDIA,68.43,92.26
59,10/11/2012,SOUTH INDIA,70.52,90.30
60,03/11/2012,SOUTH INDIA,70.49,88.90
61,27/10/2012,SOUTH INDIA,71.70,88.08
62,20/10/2012,SOUTH INDIA,73.45,88.84
63,13/10/2012,SOUTH INDIA,75.47,88.08
64,06/10/2012,SOUTH INDIA,77.37,89.19
65,29/09/2012,SOUTH INDIA,75.96,92.08
66,22/09/2012,SOUTH INDIA,73.08,94.24
67,15/09/2012,SOUTH INDIA,69.69,94.36
68,08/09/2012,SOUTH INDIA,60.36,93.33
69,01/09/2012,SOUTH INDIA,67.97,89.97
70,25/08/2012,SOUTH INDIA,66.68,90.18
71,18/08/2012,SOUTH INDIA,64.59,89.44
72,11/08/2012,SOUTH INDIA,87.60,88.96
73,04/08/2012,SOUTH INDIA,63.66,87.60
74,28/07/2012,SOUTH INDIA,62.42,84.99
75,21/07/2012,SOUTH INDIA,63.15,83.58
76,14/07/2012,SOUTH INDIA,64.10,82.55
77,07/07/2012,SOUTH INDIA,64.09,82.66
78,30/06/2012,SOUTH INDIA,63.53,82.93
79,23/06/2012,SOUTH INDIA,62.75,85.43
80,16/06/2012,SOUTH INDIA,62.03,90.78
81,09/06/2012,SOUTH INDIA,61.06,92.77
82,02/06/2012,SOUTH INDIA,59.95,93.10
83,26/05/2012,SOUTH INDIA,63.64,92.46
84,19/05/2012,SOUTH INDIA,64.57,91.75
85,12/05/2012,SOUTH INDIA,67.02,86.28
86,05/05/2012,SOUTH INDIA,70.81,85.36
87,28/04/2012,SOUTH INDIA,70.02,88.40
88,21/04/2012,SOUTH INDIA,62.31,87.60
89,14/04/2012,SOUTH INDIA,72.04,84.25
90,07/04/2012,SOUTH INDIA,72.37,73.43
91,31/03/2012,SOUTH INDIA,71.92,79.50
92,24/03/2012,SOUTH INDIA,71.94,80.18
93,17/03/2012,SOUTH INDIA,73.54,78.28
94,10/03/2012,SOUTH INDIA,75.37,78.14
95,03/03/2012,SOUTH INDIA,75.98,76.38
96,25/02/2012,SOUTH INDIA,76.63,74.77
97,18/02/2012,SOUTH INDIA,74.92,76.25
98,11/02/2012,SOUTH INDIA,71.60,76.06
99,04/02/2012,SOUTH INDIA,76.90,75.14
100,28/01/2012,SOUTH INDIA,77.86,75.89
101,21/01/2012,SOUTH INDIA,79.77,73.35
102,14/01/2012,SOUTH INDIA,75.12,72.80
103,07/01/2012,SOUTH INDIA,72.09,71.56
104,29/12/2012,ALL INDIA,109.08,133.93
105,22/12/2012,ALL INDIA,99.92,126.71
106,15/12/2012,ALL INDIA,96.61,127.08
107,08/12/2012,ALL INDIA,99.31,127.13
108,01/12/2012,ALL INDIA,99.63,128.73
109,24/11/2012,ALL INDIA,100.81,127.75
110,17/11/2012,ALL INDIA,102.47,125.57
111,10/11/2012,ALL INDIA,104.29,123.99
112,03/11/2012,ALL INDIA,104.30,122.77
113,27/10/2012,ALL INDIA,103.24,88.08
114,20/10/2012,ALL INDIA,105.54,122.44
115,13/10/2012,ALL INDIA,103.61,122.75
116,06/10/2012,ALL INDIA,77.37,114.54
117,29/09/2012,ALL INDIA,104.11,124.96
118,22/09/2012,ALL INDIA,104.48,126.75
119,15/09/2012,ALL INDIA,103.56,127.94
120,08/09/2012,ALL INDIA,105.92,124.93
121,01/09/2012,ALL INDIA,102.67,130.45
122,25/08/2012,ALL INDIA,103.27,127.70
123,18/08/2012,ALL INDIA,102.01,123.77
124,11/08/2012,ALL INDIA,101.86,128.47
125,04/08/2012,ALL INDIA,101.33,128.80
126,28/07/2012,ALL INDIA,102.14,128.51
127,21/07/2012,ALL INDIA,108.15,127.09
128,14/07/2012,ALL INDIA,110.04,124.24
129,07/07/2012,ALL INDIA,111.81,125.30
130,30/06/2012,ALL INDIA,110.17,125.02
131,23/06/2012,ALL INDIA,107.79,127.99
132,16/06/2012,ALL INDIA,103.78,135.78
133,09/06/2012,ALL INDIA,101.05,137.95
134,02/06/2012,ALL INDIA,101.83,136.62
135,26/05/2012,ALL INDIA,106.17,135.78
136,19/05/2012,ALL INDIA,101.22,130.94
137,12/05/2012,ALL INDIA,101.18,126.78
138,05/05/2012,ALL INDIA,102.67,124.76
139,28/04/2012,ALL INDIA,96.47,119.51
140,21/04/2012,ALL INDIA,94.48,109.99
141,14/04/2012,ALL INDIA,90.22,100.13
142,07/04/2012,ALL INDIA,82.96,86.22
143,31/03/2012,ALL INDIA,72.04,82.01
144,24/03/2012,ALL INDIA,71.94,79.71
145,17/03/2012,ALL INDIA,73.54,78.73
146,10/03/2012,ALL INDIA,78.55,82.03
147,03/03/2012,ALL INDIA,79.86,84.92
148,25/02/2012,ALL INDIA,82.30,85.65
149,18/02/2012,ALL INDIA,85.91,88.93
150,11/02/2012,ALL INDIA,88.47,89.02
151,04/02/2012,ALL INDIA,92.54,93.40
152,28/01/2012,ALL INDIA,96.29,91.83
153,21/01/2012,ALL INDIA,96.45,94.18
154,14/01/2012,ALL INDIA,95.90,95.77
155,07/01/2012,ALL INDIA,96.79,97.25
0,26/11/2011,NORTH INDIA,119.03,110.60
1,31/12/2011,NORTH INDIA,119.16,108.32
2,24/12/2011,NORTH INDIA,113.02,107.40
3,17/12/2011,NORTH INDIA,114.18,105.03
4,10/12/2011,NORTH INDIA,115.12,108.96
5,03/12/2011,NORTH INDIA,118.73,109.42
6,19/11/2011,NORTH INDIA,120.83,111.12
7,12/11/2011,NORTH INDIA,119.73,112.24
8,05/11/2011,NORTH INDIA,123.87,114.08
9,29/10/2011,NORTH INDIA,122.79,117.64
10,22/10/2011,NORTH INDIA,117.10,113.25
11,15/10/2011,NORTH INDIA,133.76,111.33
12,08/10/2011,NORTH INDIA,122.86,NA
13,01/10/2011,NORTH INDIA,121.92,115.02
14,24/09/2011,NORTH INDIA,122.30,113.23
15,17/09/2011,NORTH INDIA,121.58,112.60
16,10/09/2011,NORTH INDIA,124.18,113.66
17,03/09/2011,NORTH INDIA,123.34,113.42
18,27/08/2011,NORTH INDIA,124.05,113.70
19,20/08/2011,NORTH INDIA,124.72,115.19
20,13/08/2011,NORTH INDIA,124.47,115.50
21,06/08/2011,NORTH INDIA,121.96,115.96
22,30/07/2011,NORTH INDIA,122.17,119.03
23,23/07/2011,NORTH INDIA,119.77,124.68
24,16/07/2011,NORTH INDIA,118.37,127.03
25,09/07/2011,NORTH INDIA,119.86,128.68
26,02/07/2011,NORTH INDIA,118.15,130.20
27,25/06/2011,NORTH INDIA,118.22,130.59
28,18/06/2011,NORTH INDIA,115.08,129.35
29,11/06/2011,NORTH INDIA,114.92,129.02
30,04/06/2011,NORTH INDIA,113.07,125.94
31,28/05/2011,NORTH INDIA,115.56,125.25
32,21/05/2011,NORTH INDIA,112.92,125.24
33,14/05/2011,NORTH INDIA,111.72,123.37
34,07/05/2011,NORTH INDIA,111.27,124.92
35,30/04/2011,NORTH INDIA,110.44,128.19
36,23/04/2011,NORTH INDIA,103.78,116.68
37,16/04/2011,NORTH INDIA,108.65,130.07
38,09/04/2011,NORTH INDIA,93.50,128.56
39,02/04/2011,NORTH INDIA,68.87,72.15
40,26/03/2011,NORTH INDIA,NA,NA
41,19/03/2011,NORTH INDIA,NA,NA
42,12/03/2011,NORTH INDIA,75.35,81.27
43,05/03/2011,NORTH INDIA,80.68,82.67
44,26/02/2011,NORTH INDIA,88.34,84.78
45,19/02/2011,NORTH INDIA,92.13,89.93
46,12/02/2011,NORTH INDIA,94.79,92.04
47,05/02/2011,NORTH INDIA,95.53,96.15
48,29/01/2011,NORTH INDIA,102.74,103.15
49,22/01/2011,NORTH INDIA,97.36,100.81
50,15/01/2011,NORTH INDIA,95.09,103.61
51,08/01/2011,NORTH INDIA,102.74,104.97
52,01/01/2011,NORTH INDIA,107.65,108.61
53,26/11/2011,SOUTH INDIA,68.45,67.89
54,31/12/2011,SOUTH INDIA,NA,NA
55,24/12/2011,SOUTH INDIA,71.07,70.30
56,17/12/2011,SOUTH INDIA,70.35,68.22
57,10/12/2011,SOUTH INDIA,69.24,66.96
58,03/12/2011,SOUTH INDIA,69.92,65.54
59,19/11/2011,SOUTH INDIA,70.19,68.43
60,12/11/2011,SOUTH INDIA,71.69,70.52
61,05/11/2011,SOUTH INDIA,72.17,70.49
62,29/10/2011,SOUTH INDIA,69.49,71.70
63,22/10/2011,SOUTH INDIA,69.04,73.45
64,15/10/2011,SOUTH INDIA,71.34,75.47
65,08/10/2011,SOUTH INDIA,69.46,77.37
66,01/10/2011,SOUTH INDIA,68.90,75.96
67,24/09/2011,SOUTH INDIA,67.69,73.08
68,17/09/2011,SOUTH INDIA,73.78,69.69
69,10/09/2011,SOUTH INDIA,67.75,60.36
70,03/09/2011,SOUTH INDIA,61.68,67.97
71,27/08/2011,SOUTH INDIA,53.03,66.68
72,20/08/2011,SOUTH INDIA,59.88,64.59
73,13/08/2011,SOUTH INDIA,60.24,64.81
74,06/08/2011,SOUTH INDIA,60.53,63.66
75,30/07/2011,SOUTH INDIA,59.86,62.42
76,23/07/2011,SOUTH INDIA,59.27,63.15
77,16/07/2011,SOUTH INDIA,59.58,64.10
78,09/07/2011,SOUTH INDIA,58.76,62.60
79,02/07/2011,SOUTH INDIA,56.88,63.64
80,25/06/2011,SOUTH INDIA,56.05,62.80
81,18/06/2011,SOUTH INDIA,57.34,61.99
82,11/06/2011,SOUTH INDIA,58.60,61.04
83,04/06/2011,SOUTH INDIA,62.11,60.51
84,28/05/2011,SOUTH INDIA,65.11,63.51
85,21/05/2011,SOUTH INDIA,63.29,64.65
86,14/05/2011,SOUTH INDIA,66.94,66.41
87,07/05/2011,SOUTH INDIA,66.24,71.04
88,30/04/2011,SOUTH INDIA,79.22,70.40
89,23/04/2011,SOUTH INDIA,71.91,62.69
90,16/04/2011,SOUTH INDIA,72.25,71.71
91,09/04/2011,SOUTH INDIA,72.48,72.83
92,02/04/2011,SOUTH INDIA,63.66,71.92
93,26/03/2011,SOUTH INDIA,70.27,71.94
94,19/03/2011,SOUTH INDIA,69.91,73.54
95,12/03/2011,SOUTH INDIA,68.49,75.37
96,05/03/2011,SOUTH INDIA,68.59,75.98
97,26/02/2011,SOUTH INDIA,71.53,76.63
98,19/02/2011,SOUTH INDIA,71.69,74.92
99,12/02/2011,SOUTH INDIA,72.32,71.60
100,05/02/2011,SOUTH INDIA,71.39,76.90
101,29/01/2011,SOUTH INDIA,73.30,77.86
102,22/01/2011,SOUTH INDIA,74.36,79.77
103,15/01/2011,SOUTH INDIA,73.58,75.12
104,08/01/2011,SOUTH INDIA,75.16,72.09
105,01/01/2011,SOUTH INDIA,75.29,NA
106,26/11/2011,ALL INDIA,107.30,100.81
107,31/12/2011,ALL INDIA,119.16,108.32
108,24/12/2011,ALL INDIA,100.58,99.92
109,17/12/2011,ALL INDIA,103.71,96.61
110,10/12/2011,ALL INDIA,104.70,99.31
111,03/12/2011,ALL INDIA,107.78,99.63
112,19/11/2011,ALL INDIA,109.31,102.47
113,12/11/2011,ALL INDIA,109.75,104.29
114,05/11/2011,ALL INDIA,111.48,104.30
115,29/10/2011,ALL INDIA,110.87,103.24
116,22/10/2011,ALL INDIA,103.17,105.54
117,15/10/2011,ALL INDIA,103.88,103.61
118,08/10/2011,ALL INDIA,111.92,77.37
119,01/10/2011,ALL INDIA,110.88,104.11
120,24/09/2011,ALL INDIA,111.51,104.48
121,17/09/2011,ALL INDIA,110.08,103.56
122,10/09/2011,ALL INDIA,108.05,105.92
123,03/09/2011,ALL INDIA,106.66,102.67
124,27/08/2011,ALL INDIA,108.53,103.27
125,20/08/2011,ALL INDIA,106.14,102.01
126,13/08/2011,ALL INDIA,106.39,101.86
127,06/08/2011,ALL INDIA,104.69,101.33
128,30/07/2011,ALL INDIA,103.16,102.14
129,23/07/2011,ALL INDIA,100.26,108.15
130,16/07/2011,ALL INDIA,99.73,110.04
131,09/07/2011,ALL INDIA,99.46,111.53
132,02/07/2011,ALL INDIA,94.33,109.34
133,25/06/2011,ALL INDIA,96.82,108.25
134,18/06/2011,ALL INDIA,91.45,105.21
135,11/06/2011,ALL INDIA,90.78,101.78
136,04/06/2011,ALL INDIA,94.65,101.18
137,28/05/2011,ALL INDIA,100.93,104.79
138,21/05/2011,ALL INDIA,94.33,101.17
139,14/05/2011,ALL INDIA,96.18,97.94
140,07/05/2011,ALL INDIA,92.14,103.68
141,30/04/2011,ALL INDIA,89.89,100.24
142,23/04/2011,ALL INDIA,87.58,97.75
143,16/04/2011,ALL INDIA,84.91,88.54
144,09/04/2011,ALL INDIA,81.18,89.19
145,02/04/2011,ALL INDIA,67.17,72.04
146,26/03/2011,ALL INDIA,70.27,71.94
147,19/03/2011,ALL INDIA,69.91,73.54
148,12/03/2011,ALL INDIA,72.49,78.55
149,05/03/2011,ALL INDIA,76.47,79.86
150,26/02/2011,ALL INDIA,84.44,82.30
151,19/02/2011,ALL INDIA,87.16,85.91
152,12/02/2011,ALL INDIA,88.86,88.47
153,05/02/2011,ALL INDIA,89.34,92.54
154,29/01/2011,ALL INDIA,92.24,96.29
155,22/01/2011,ALL INDIA,92.68,96.45
156,15/01/2011,ALL INDIA,88.06,95.90
157,08/01/2011,ALL INDIA,95.85,96.79
158,01/01/2011,ALL INDIA,101.68,108.61
0,25/12/2010,NORTH INDIA,112.65,113.02
1,18/12/2010,NORTH INDIA,115.61,114.18
2,11/12/2010,NORTH INDIA,116.36,115.12
3,04/12/2010,NORTH INDIA,117.89,118.73
4,27/11/2010,NORTH INDIA,119.64,119.03
5,20/11/2010,NORTH INDIA,122.41,120.83
6,13/11/2010,NORTH INDIA,122.28,119.73
7,06/11/2010,NORTH INDIA,121.37,123.87
8,30/10/2010,NORTH INDIA,119.12,122.79
9,23/10/2010,NORTH INDIA,120.27,117.10
10,16/10/2010,NORTH INDIA,122.05,133.76
11,09/10/2010,NORTH INDIA,119.19,122.86
12,02/10/2010,NORTH INDIA,NA,121.92
13,25/09/2010,NORTH INDIA,115.61,122.30
14,18/09/2010,NORTH INDIA,115.00,121.58
15,11/09/2010,NORTH INDIA,116.34,124.18
16,04/09/2010,NORTH INDIA,116.80,123.34
17,28/08/2010,NORTH INDIA,114.09,124.05
18,21/08/2010,NORTH INDIA,116.13,124.72
19,14/08/2010,NORTH INDIA,114.76,124.47
20,07/08/2010,NORTH INDIA,114.20,121.96
21,31/07/2010,NORTH INDIA,113.46,122.17
22,24/07/2010,NORTH INDIA,110.97,119.77
23,17/07/2010,NORTH INDIA,111.84,118.37
24,10/07/2010,NORTH INDIA,117.95,119.86
25,03/07/2010,NORTH INDIA,122.99,118.15
26,26/06/2010,NORTH INDIA,125.26,118.22
27,19/06/2010,NORTH INDIA,126.83,115.08
28,12/06/2010,NORTH INDIA,126.59,114.92
29,05/06/2010,NORTH INDIA,130.56,113.07
30,29/05/2010,NORTH INDIA,135.44,115.56
31,22/05/2010,NORTH INDIA,136.10,112.90
32,15/05/2010,NORTH INDIA,132.34,111.72
33,08/05/2010,NORTH INDIA,128.72,111.27
34,01/05/2010,NORTH INDIA,122.29,110.44
35,24/04/2010,NORTH INDIA,113.29,103.78
36,17/04/2010,NORTH INDIA,115.41,108.65
37,10/04/2010,NORTH INDIA,106.07,93.50
38,03/04/2010,NORTH INDIA,87.09,68.87
39,27/03/2010,NORTH INDIA,78.90,NA
40,20/03/2010,NORTH INDIA,75.87,NA
41,13/03/2010,NORTH INDIA,NA,75.35
42,06/03/2010,NORTH INDIA,75.94,80.68
43,27/02/2010,NORTH INDIA,76.84,88.34
44,20/02/2010,NORTH INDIA,79.37,92.13
45,13/02/2010,NORTH INDIA,82.66,94.79
46,06/02/2010,NORTH INDIA,86.10,95.53
47,30/01/2010,NORTH INDIA,86.16,102.74
48,23/01/2010,NORTH INDIA,89.88,97.36
49,16/01/2010,NORTH INDIA,88.56,95.09
50,09/01/2010,NORTH INDIA,89.64,102.74
51,02/01/2010,NORTH INDIA,99.01,107.65
52,25/12/2010,SOUTH INDIA,72.30,71.07
53,18/12/2010,SOUTH INDIA,76.88,70.35
54,11/12/2010,SOUTH INDIA,78.76,69.24
55,04/12/2010,SOUTH INDIA,79.34,69.92
56,27/11/2010,SOUTH INDIA,78.61,68.45
57,20/11/2010,SOUTH INDIA,76.95,70.19
58,13/11/2010,SOUTH INDIA,77.53,71.69
59,06/11/2010,SOUTH INDIA,73.44,72.17
60,30/10/2010,SOUTH INDIA,73.50,69.49
61,23/10/2010,SOUTH INDIA,77.44,69.04
62,16/10/2010,SOUTH INDIA,72.43,71.34
63,09/10/2010,SOUTH INDIA,79.08,69.46
64,02/10/2010,SOUTH INDIA,81.86,68.90
65,25/09/2010,SOUTH INDIA,82.34,67.69
66,18/09/2010,SOUTH INDIA,82.03,73.78
67,11/09/2010,SOUTH INDIA,79.83,67.75
68,04/09/2010,SOUTH INDIA,74.10,61.68
69,28/08/2010,SOUTH INDIA,79.83,53.03
70,21/08/2010,SOUTH INDIA,78.88,59.88
71,14/08/2010,SOUTH INDIA,79.57,60.24
72,07/08/2010,SOUTH INDIA,79.76,60.53
73,31/07/2010,SOUTH INDIA,71.81,59.86
74,24/07/2010,SOUTH INDIA,82.20,60.45
75,17/07/2010,SOUTH INDIA,81.11,59.58
76,10/07/2010,SOUTH INDIA,79.45,58.76
77,03/07/2010,SOUTH INDIA,79.56,56.88
78,26/06/2010,SOUTH INDIA,82.26,56.05
79,19/06/2010,SOUTH INDIA,81.00,57.34
80,12/06/2010,SOUTH INDIA,81.17,58.60
81,05/06/2010,SOUTH INDIA,80.34,63.92
82,29/05/2010,SOUTH INDIA,89.07,65.11
83,22/05/2010,SOUTH INDIA,88.00,63.29
84,15/05/2010,SOUTH INDIA,88.09,66.94
85,08/05/2010,SOUTH INDIA,90.96,66.24
86,01/05/2010,SOUTH INDIA,85.72,79.22
87,24/04/2010,SOUTH INDIA,86.80,71.91
88,17/04/2010,SOUTH INDIA,85.33,72.25
89,10/04/2010,SOUTH INDIA,77.79,72.48
90,03/04/2010,SOUTH INDIA,80.15,63.66
91,27/03/2010,SOUTH INDIA,76.71,70.27
92,20/03/2010,SOUTH INDIA,75.95,69.91
93,13/03/2010,SOUTH INDIA,76.39,68.49
94,06/03/2010,SOUTH INDIA,79.00,68.59
95,27/02/2010,SOUTH INDIA,74.93,71.53
96,20/02/2010,SOUTH INDIA,74.81,71.69
97,13/02/2010,SOUTH INDIA,75.55,72.32
98,06/02/2010,SOUTH INDIA,74.91,71.39
99,30/01/2010,SOUTH INDIA,74.66,73.30
100,23/01/2010,SOUTH INDIA,76.95,74.36
101,16/01/2010,SOUTH INDIA,74.77,73.58
102,09/01/2010,SOUTH INDIA,74.10,75.16
103,02/01/2010,SOUTH INDIA,78.57,75.29
104,25/12/2010,ALL INDIA,107.49,100.58
105,18/12/2010,ALL INDIA,106.81,103.71
106,11/12/2010,ALL INDIA,110.44,104.70
107,04/12/2010,ALL INDIA,109.46,107.78
108,27/11/2010,ALL INDIA,109.87,107.30
109,20/11/2010,ALL INDIA,110.13,109.31
110,13/11/2010,ALL INDIA,116.03,109.75
111,06/11/2010,ALL INDIA,110.97,111.48
112,30/10/2010,ALL INDIA,108.40,110.87
113,23/10/2010,ALL INDIA,110.81,103.17
114,16/10/2010,ALL INDIA,115.61,103.88
115,09/10/2010,ALL INDIA,110.32,111.92
116,02/10/2010,ALL INDIA,81.86,110.88
117,25/09/2010,ALL INDIA,107.58,111.51
118,18/09/2010,ALL INDIA,106.95,110.08
119,11/09/2010,ALL INDIA,104.95,108.05
120,04/09/2010,ALL INDIA,106.52,106.66
121,28/08/2010,ALL INDIA,105.53,108.53
122,21/08/2010,ALL INDIA,106.08,106.14
123,14/08/2010,ALL INDIA,107.15,106.39
124,07/08/2010,ALL INDIA,107.14,105.64
125,31/07/2010,ALL INDIA,107.33,103.17
126,24/07/2010,ALL INDIA,104.27,100.64
127,17/07/2010,ALL INDIA,102.80,99.73
128,10/07/2010,ALL INDIA,104.66,99.46
129,03/07/2010,ALL INDIA,108.91,94.33
130,26/06/2010,ALL INDIA,110.74,96.82
131,19/06/2010,ALL INDIA,111.84,91.45
132,12/06/2010,ALL INDIA,109.06,90.78
133,05/06/2010,ALL INDIA,114.45,96.64
134,29/05/2010,ALL INDIA,119.86,100.93
135,22/05/2010,ALL INDIA,121.19,94.33
136,15/05/2010,ALL INDIA,117.59,96.18
137,08/05/2010,ALL INDIA,110.92,92.14
138,01/05/2010,ALL INDIA,105.70,89.89
139,24/04/2010,ALL INDIA,102.06,87.58
140,17/04/2010,ALL INDIA,93.70,84.91
141,10/04/2010,ALL INDIA,86.84,81.18
142,03/04/2010,ALL INDIA,82.60,67.17
143,27/03/2010,ALL INDIA,77.81,70.27
144,20/03/2010,ALL INDIA,75.91,69.91
145,13/03/2010,ALL INDIA,76.39,72.49
146,06/03/2010,ALL INDIA,76.96,76.47
147,27/02/2010,ALL INDIA,76.36,84.44
148,20/02/2010,ALL INDIA,78.29,87.16
149,13/02/2010,ALL INDIA,81.21,88.86
150,06/02/2010,ALL INDIA,83.21,89.34
151,30/01/2010,ALL INDIA,82.61,92.24
152,23/01/2010,ALL INDIA,87.41,92.68
153,16/01/2010,ALL INDIA,85.28,88.06
154,09/01/2010,ALL INDIA,85.94,95.85
155,02/01/2010,ALL INDIA,92.44,101.68
0,25/12/2021,NORTH INDIA,168.38,178.87
1,18/12/2021,NORTH INDIA,163.83,182.88
2,11/12/2021,NORTH INDIA,165.90,186.49
3,04/12/2021,NORTH INDIA,166.43,187.95
4,27/11/2021,NORTH INDIA,169.86,193.12
5,20/11/2021,NORTH INDIA,176.11,194.83
6,13/11/2021,NORTH INDIA,193.21,191.72
7,06/11/2021,NORTH INDIA,200.86,197.54
8,30/10/2021,NORTH INDIA,205.06,184.38
9,23/10/2021,NORTH INDIA,219.44,188.61
10,16/10/2021,NORTH INDIA,228.64,149.51
11,09/10/2021,NORTH INDIA,241.57,179.49
12,02/10/2021,NORTH INDIA,256.06,183.99
13,25/09/2021,NORTH INDIA,261.84,182.63
14,18/09/2021,NORTH INDIA,268.81,181.81
15,11/09/2021,NORTH INDIA,267.98,181.06
16,04/09/2021,NORTH INDIA,278.54,182.32
17,28/08/2021,NORTH INDIA,281.85,182.54
18,21/08/2021,NORTH INDIA,284.10,183.56
19,14/08/2021,NORTH INDIA,281.90,182.57
20,07/08/2021,NORTH INDIA,282.38,186.49
21,31/07/2021,NORTH INDIA,273.91,188.82
22,24/07/2021,NORTH INDIA,258.24,191.91
23,17/07/2021,NORTH INDIA,263.06,197.01
24,10/07/2021,NORTH INDIA,240.44,201.79
25,03/07/2021,NORTH INDIA,253.63,216.84
26,26/06/2021,NORTH INDIA,247.97,220.51
27,19/06/2021,NORTH INDIA,240.36,224.71
28,12/06/2021,NORTH INDIA,220.91,226.24
29,05/06/2021,NORTH INDIA,207.86,222.90
30,29/05/2021,NORTH INDIA,188.50,216.28
31,22/05/2021,NORTH INDIA,195.55,214.96
32,15/05/2021,NORTH INDIA,193.14,209.64
33,08/05/2021,NORTH INDIA,187.94,205.92
34,05/05/2021,NORTH INDIA,187.94,205.92
35,01/05/2021,NORTH INDIA,205.96,199.96
36,24/04/2021,NORTH INDIA,121.25,205.65
37,17/04/2021,NORTH INDIA,NA,212.37
38,10/04/2021,NORTH INDIA,NA,212.47
39,03/04/2021,NORTH INDIA,NA,157.20
40,27/03/2021,NORTH INDIA,NA,158.23
41,20/03/2021,NORTH INDIA,84.16,NA
42,13/03/2021,NORTH INDIA,90.82,146.51
43,06/03/2021,NORTH INDIA,89.03,147.73
44,27/02/2021,NORTH INDIA,91.28,156.87
45,20/02/2021,NORTH INDIA,91.91,156.87
46,13/02/2021,NORTH INDIA,97.43,157.54
47,06/02/2021,NORTH INDIA,104.64,158.52
48,30/01/2021,NORTH INDIA,110.77,162.76
49,23/01/2021,NORTH INDIA,117.65,167.33
50,16/01/2021,NORTH INDIA,123.40,170.94
51,09/01/2021,NORTH INDIA,130.52,172.07
52,02/01/2021,NORTH INDIA,135.42,173.02
53,25/12/2021,SOUTH INDIA,132.27,108.75
54,18/12/2021,SOUTH INDIA,129.46,107.62
55,11/12/2021,SOUTH INDIA,127.41,107.39
56,04/12/2021,SOUTH INDIA,128.92,104.29
57,27/11/2021,SOUTH INDIA,162.61,103.61
58,20/11/2021,SOUTH INDIA,165.09,102.89
59,13/11/2021,SOUTH INDIA,189.01,97.74
60,06/11/2021,SOUTH INDIA,162.46,97.98
61,30/10/2021,SOUTH INDIA,158.91,95.27
62,23/10/2021,SOUTH INDIA,154.29,92.97
63,16/10/2021,SOUTH INDIA,149.02,93.37
64,09/10/2021,SOUTH INDIA,151.06,94.25
65,02/10/2021,SOUTH INDIA,160.48,98.08
66,25/09/2021,SOUTH INDIA,175.57,99.80
67,18/09/2021,SOUTH INDIA,189.05,100.30
68,11/09/2021,SOUTH INDIA,192.53,96.96
69,04/09/2021,SOUTH INDIA,191.74,99.69
70,28/08/2021,SOUTH INDIA,182.41,99.05
71,21/08/2021,SOUTH INDIA,169.04,91.57
72,14/08/2021,SOUTH INDIA,163.38,97.05
73,07/08/2021,SOUTH INDIA,147.52,99.12
74,31/07/2021,SOUTH INDIA,142.37,98.81
75,24/07/2021,SOUTH INDIA,137.60,98.04
76,17/07/2021,SOUTH INDIA,131.40,98.15
77,10/07/2021,SOUTH INDIA,123.72,97.43
78,03/07/2021,SOUTH INDIA,113.53,102.95
79,26/06/2021,SOUTH INDIA,108.68,102.75
80,19/06/2021,SOUTH INDIA,105.73,106.21
81,12/06/2021,SOUTH INDIA,102.18,116.23
82,05/06/2021,SOUTH INDIA,98.62,121.34
83,29/05/2021,SOUTH INDIA,98.87,139.23
84,22/05/2021,SOUTH INDIA,97.23,135.36
85,15/05/2021,SOUTH INDIA,99.17,130.33
86,08/05/2021,SOUTH INDIA,100.82,124.23
87,05/05/2021,SOUTH INDIA,100.82,124.23
88,01/05/2021,SOUTH INDIA,93.09,119.65
89,24/04/2021,SOUTH INDIA,102.83,121.54
90,17/04/2021,SOUTH INDIA,130.27,122.66
91,10/04/2021,SOUTH INDIA,119.84,127.60
92,03/04/2021,SOUTH INDIA,NA,120.57
93,27/03/2021,SOUTH INDIA,NA,141.04
94,20/03/2021,SOUTH INDIA,88.69,140.71
95,13/03/2021,SOUTH INDIA,91.34,140.06
96,06/03/2021,SOUTH INDIA,92.30,137.18
97,27/02/2021,SOUTH INDIA,87.76,143.06
98,20/02/2021,SOUTH INDIA,92.94,145.31
99,13/02/2021,SOUTH INDIA,93.77,146.09
100,06/02/2021,SOUTH INDIA,93.16,142.89
101,30/01/2021,SOUTH INDIA,94.67,147.95
102,23/01/2021,SOUTH INDIA,95.40,146.29
103,16/01/2021,SOUTH INDIA,95.19,147.11
104,09/01/2021,SOUTH INDIA,96.10,145.61
105,02/01/2021,SOUTH INDIA,86.06,108.74
106,25/12/2021,ALL INDIA,161.63,164.95
107,18/12/2021,ALL INDIA,157.64,168.97
108,11/12/2021,ALL INDIA,158.31,173.14
109,04/12/2021,ALL INDIA,159.74,171.78
110,27/11/2021,ALL INDIA,168.99,177.86
111,20/11/2021,ALL INDIA,174.50,179.24
112,13/11/2021,ALL INDIA,192.91,174.70
113,06/11/2021,ALL INDIA,193.58,173.82
114,30/10/2021,ALL INDIA,186.84,167.83
115,23/10/2021,ALL INDIA,204.62,169.88
116,16/10/2021,ALL INDIA,206.95,93.41
117,09/10/2021,ALL INDIA,217.56,163.74
118,02/10/2021,ALL INDIA,234.05,169.61
119,25/09/2021,ALL INDIA,245.40,166.48
120,18/09/2021,ALL INDIA,253.97,163.81
121,11/09/2021,ALL INDIA,248.31,165.06
122,04/09/2021,ALL INDIA,262.80,167.44
123,28/08/2021,ALL INDIA,261.66,165.70
124,21/08/2021,ALL INDIA,261.27,170.48
125,14/08/2021,ALL INDIA,253.23,164.25
126,07/08/2021,ALL INDIA,253.42,169.93
127,31/07/2021,ALL INDIA,243.41,168.35
128,24/07/2021,ALL INDIA,212.52,169.39
129,17/07/2021,ALL INDIA,225.58,173.19
130,10/07/2021,ALL INDIA,190.19,175.61
131,03/07/2021,ALL INDIA,211.86,185.79
132,26/06/2021,ALL INDIA,205.09,180.06
133,19/06/2021,ALL INDIA,190.29,180.65
134,12/06/2021,ALL INDIA,171.11,194.58
135,05/06/2021,ALL INDIA,164.96,187.09
136,29/05/2021,ALL INDIA,148.97,197.66
137,22/05/2021,ALL INDIA,149.38,185.02
138,15/05/2021,ALL INDIA,153.67,173.46
139,08/05/2021,ALL INDIA,130.82,175.32
140,05/05/2021,ALL INDIA,130.82,175.32
141,01/05/2021,ALL INDIA,126.00,168.07
142,24/04/2021,ALL INDIA,109.62,176.35
143,17/04/2021,ALL INDIA,130.27,171.43
144,10/04/2021,ALL INDIA,119.84,174.50
145,03/04/2021,ALL INDIA,NA,129.32
146,27/03/2021,ALL INDIA,NA,147.48
147,20/03/2021,ALL INDIA,86.43,140.71
148,13/03/2021,ALL INDIA,91.18,143.54
149,06/03/2021,ALL INDIA,89.95,142.20
150,27/02/2021,ALL INDIA,90.17,151.61
151,20/02/2021,ALL INDIA,92.12,153.31
152,13/02/2021,ALL INDIA,96.80,154.54
153,06/02/2021,ALL INDIA,102.53,155.20
154,30/01/2021,ALL INDIA,107.71,159.99
155,23/01/2021,ALL INDIA,113.69,163.48
156,16/01/2021,ALL INDIA,118.41,166.14
157,09/01/2021,ALL INDIA,123.90,167.12
158,02/01/2021,ALL INDIA,129.19,171.76
0,30/12/2017,NORTH INDIA,127.05,139.21
1,23/12/2017,NORTH INDIA,134.58,139.79
2,16/12/2017,NORTH INDIA,135.19,142.40
3,09/12/2017,NORTH INDIA,135.85,142.67
4,02/12/2017,NORTH INDIA,137.96,144.72
5,25/11/2017,NORTH INDIA,140.89,145.73
6,18/11/2017,NORTH INDIA,139.67,144.48
7,11/11/2017,NORTH INDIA,141.47,145.66
8,04/11/2017,NORTH INDIA,140.22,145.70
9,28/10/2017,NORTH INDIA,138.22,147.24
10,21/10/2017,NORTH INDIA,144.58,150.38
11,14/10/2017,NORTH INDIA,NA,148.83
12,07/10/2017,NORTH INDIA,137.26,145.47
13,30/09/2017,NORTH INDIA,138.78,NA
14,23/09/2017,NORTH INDIA,139.92,148.24
15,16/09/2017,NORTH INDIA,139.36,143.03
16,09/09/2017,NORTH INDIA,140.71,143.25
17,02/09/2017,NORTH INDIA,141.16,144.02
18,26/08/2017,NORTH INDIA,140.37,147.57
19,19/08/2017,NORTH INDIA,141.48,149.11
20,12/08/2017,NORTH INDIA,143.09,147.38
21,05/08/2017,NORTH INDIA,146.30,145.69
22,29/07/2017,NORTH INDIA,147.08,146.26
23,22/07/2017,NORTH INDIA,150.26,147.95
24,15/07/2017,NORTH INDIA,155.67,146.90
25,08/07/2017,NORTH INDIA,153.28,151.10
26,01/07/2017,NORTH INDIA,155.54,150.71
27,24/06/2017,NORTH INDIA,154.02,153.89
28,17/06/2017,NORTH INDIA,154.22,153.94
29,10/06/2017,NORTH INDIA,148.98,145.84
30,03/06/2017,NORTH INDIA,145.28,137.62
31,27/05/2017,NORTH INDIA,139.33,135.39
32,20/05/2017,NORTH INDIA,137.84,139.24
33,13/05/2017,NORTH INDIA,140.99,142.62
34,06/05/2017,NORTH INDIA,136.69,142.28
35,29/04/2017,NORTH INDIA,146.07,149.69
36,22/04/2017,NORTH INDIA,146.29,145.68
37,15/04/2017,NORTH INDIA,153.77,141.98
38,08/04/2017,NORTH INDIA,159.09,124.34
39,01/04/2017,NORTH INDIA,133.97,114.71
40,25/03/2017,NORTH INDIA,NA,101.96
41,18/03/2017,NORTH INDIA,111.62,107.42
42,11/03/2017,NORTH INDIA,105.35,107.85
43,04/03/2017,NORTH INDIA,102.43,106.37
44,25/02/2017,NORTH INDIA,109.09,110.35
45,18/02/2017,NORTH INDIA,111.90,110.32
46,11/02/2017,NORTH INDIA,111.35,110.95
47,04/02/2017,NORTH INDIA,112.20,112.87
48,28/01/2017,NORTH INDIA,116.26,115.90
49,21/01/2017,NORTH INDIA,120.22,123.01
50,14/01/2017,NORTH INDIA,128.91,124.87
51,07/01/2017,NORTH INDIA,132.67,129.46
52,30/12/2017,SOUTH INDIA,99.14,65.60
53,23/12/2017,SOUTH INDIA,108.16,90.45
54,16/12/2017,SOUTH INDIA,106.17,89.89
55,09/12/2017,SOUTH INDIA,104.47,87.39
56,02/12/2017,SOUTH INDIA,103.90,86.71
57,25/11/2017,SOUTH INDIA,103.00,87.33
58,18/11/2017,SOUTH INDIA,102.10,86.87
59,11/11/2017,SOUTH INDIA,103.05,87.94
60,04/11/2017,SOUTH INDIA,101.95,87.23
61,28/10/2017,SOUTH INDIA,105.11,85.75
62,21/10/2017,SOUTH INDIA,101.82,110.17
63,14/10/2017,SOUTH INDIA,101.72,90.04
64,07/10/2017,SOUTH INDIA,101.20,86.39
65,30/09/2017,SOUTH INDIA,101.93,86.18
66,23/09/2017,SOUTH INDIA,101.52,84.06
67,16/09/2017,SOUTH INDIA,97.10,80.96
68,09/09/2017,SOUTH INDIA,101.14,69.00
69,02/09/2017,SOUTH INDIA,99.17,78.15
70,26/08/2017,SOUTH INDIA,98.52,79.34
71,19/08/2017,SOUTH INDIA,96.75,79.29
72,12/08/2017,SOUTH INDIA,93.58,84.96
73,05/08/2017,SOUTH INDIA,92.55,84.05
74,29/07/2017,SOUTH INDIA,94.64,83.99
75,22/07/2017,SOUTH INDIA,92.60,80.77
76,15/07/2017,SOUTH INDIA,94.55,87.57
77,08/07/2017,SOUTH INDIA,95.71,98.91
78,01/07/2017,SOUTH INDIA,98.20,84.65
79,24/06/2017,SOUTH INDIA,100.24,86.98
80,17/06/2017,SOUTH INDIA,103.26,87.82
81,10/06/2017,SOUTH INDIA,104.27,88.13
82,03/06/2017,SOUTH INDIA,102.35,89.46
83,27/05/2017,SOUTH INDIA,104.19,93.91
84,20/05/2017,SOUTH INDIA,103.26,98.20
85,13/05/2017,SOUTH INDIA,104.92,97.40
86,06/05/2017,SOUTH INDIA,103.49,98.15
87,29/04/2017,SOUTH INDIA,102.14,104.34
88,22/04/2017,SOUTH INDIA,100.90,113.18
89,15/04/2017,SOUTH INDIA,102.13,104.29
90,08/04/2017,SOUTH INDIA,101.62,116.17
91,01/04/2017,SOUTH INDIA,101.31,117.03
92,25/03/2017,SOUTH INDIA,89.94,116.47
93,18/03/2017,SOUTH INDIA,98.51,116.33
94,11/03/2017,SOUTH INDIA,97.84,117.46
95,04/03/2017,SOUTH INDIA,101.02,118.95
96,25/02/2017,SOUTH INDIA,106.22,116.54
97,18/02/2017,SOUTH INDIA,110.31,115.80
98,11/02/2017,SOUTH INDIA,111.56,114.37
99,04/02/2017,SOUTH INDIA,109.29,112.38
100,28/01/2017,SOUTH INDIA,108.12,111.21
101,21/01/2017,SOUTH INDIA,102.91,111.18
102,14/01/2017,SOUTH INDIA,102.34,110.38
103,07/01/2017,SOUTH INDIA,96.65,109.15
104,30/12/2017,ALL INDIA,126.18,137.50
105,23/12/2017,ALL INDIA,130.11,130.51
106,16/12/2017,ALL INDIA,130.10,133.04
107,09/12/2017,ALL INDIA,130.10,132.80
108,02/12/2017,ALL INDIA,131.58,134.52
109,25/11/2017,ALL INDIA,133.52,134.82
110,18/11/2017,ALL INDIA,132.47,133.20
111,11/11/2017,ALL INDIA,133.61,133.42
112,04/11/2017,ALL INDIA,131.87,133.91
113,28/10/2017,ALL INDIA,135.08,134.50
114,21/10/2017,ALL INDIA,134.02,146.61
115,14/10/2017,ALL INDIA,101.72,139.70
116,07/10/2017,ALL INDIA,129.50,133.74
117,30/09/2017,ALL INDIA,131.62,86.18
118,23/09/2017,ALL INDIA,132.22,135.90
119,16/09/2017,ALL INDIA,134.22,129.85
120,09/09/2017,ALL INDIA,132.77,130.91
121,02/09/2017,ALL INDIA,132.64,129.70
122,26/08/2017,ALL INDIA,131.81,133.72
123,19/08/2017,ALL INDIA,132.05,134.48
124,12/08/2017,ALL INDIA,131.62,135.40
125,05/08/2017,ALL INDIA,133.18,130.89
126,29/07/2017,ALL INDIA,135.49,131.56
127,22/07/2017,ALL INDIA,140.00,129.64
128,15/07/2017,ALL INDIA,143.24,136.10
129,08/07/2017,ALL INDIA,141.06,143.32
130,01/07/2017,ALL INDIA,141.65,134.98
131,24/06/2017,ALL INDIA,139.93,135.26
132,17/06/2017,ALL INDIA,140.60,133.94
133,10/06/2017,ALL INDIA,137.19,126.34
134,03/06/2017,ALL INDIA,133.29,122.46
135,27/05/2017,ALL INDIA,130.35,121.90
136,20/05/2017,ALL INDIA,128.96,124.71
137,13/05/2017,ALL INDIA,131.19,123.92
138,06/05/2017,ALL INDIA,127.68,124.09
139,29/04/2017,ALL INDIA,132.93,133.65
140,22/04/2017,ALL INDIA,131.34,132.90
141,15/04/2017,ALL INDIA,131.33,127.35
142,08/04/2017,ALL INDIA,129.65,120.15
143,01/04/2017,ALL INDIA,113.34,116.11
144,25/03/2017,ALL INDIA,89.94,110.41
145,18/03/2017,ALL INDIA,101.92,110.77
146,11/03/2017,ALL INDIA,100.21,110.98
147,04/03/2017,ALL INDIA,101.37,109.36
148,25/02/2017,ALL INDIA,107.49,111.95
149,18/02/2017,ALL INDIA,111.26,111.35
150,11/02/2017,ALL INDIA,111.41,111.46
151,04/02/2017,ALL INDIA,111.53,112.79
152,28/01/2017,ALL INDIA,114.56,115.06
153,21/01/2017,ALL INDIA,116.92,120.74
154,14/01/2017,ALL INDIA,122.77,122.11
155,07/01/2017,ALL INDIA,125.75,125.48
0,31/12/2016,NORTH INDIA,133.00,127.05
1,24/12/2016,NORTH INDIA,138.43,134.58
2,17/12/2016,NORTH INDIA,139.13,135.19
3,10/12/2016,NORTH INDIA,66.30,94.43
4,03/12/2016,NORTH INDIA,139.41,137.96
5,26/11/2016,NORTH INDIA,144.69,140.89
6,19/11/2016,NORTH INDIA,139.53,139.68
7,12/11/2016,NORTH INDIA,151.57,141.47
8,05/11/2016,NORTH INDIA,139.37,140.22
9,29/10/2016,NORTH INDIA,138.27,138.22
10,22/10/2016,NORTH INDIA,NA,144.58
11,15/10/2016,NORTH INDIA,138.10,NA
12,08/10/2016,NORTH INDIA,138.55,137.26
13,01/10/2016,NORTH INDIA,136.53,138.78
14,24/09/2016,NORTH INDIA,141.64,139.92
15,17/09/2016,NORTH INDIA,141.75,139.36
16,10/09/2016,NORTH INDIA,143.22,140.71
17,09/03/2016,NORTH INDIA,145.28,141.16
18,27/08/2016,NORTH INDIA,146.89,140.37
19,20/08/2016,NORTH INDIA,147.99,141.48
20,13/08/2016,NORTH INDIA,146.19,143.09
21,06/08/2016,NORTH INDIA,147.66,146.30
22,30/07/2016,NORTH INDIA,149.78,147.08
23,23/07/2016,NORTH INDIA,150.91,150.26
24,16/07/2016,NORTH INDIA,148.60,155.67
25,09/07/2016,NORTH INDIA,146.98,153.28
26,02/07/2016,NORTH INDIA,145.14,155.54
27,25/06/2016,NORTH INDIA,147.65,154.02
28,18/06/2016,NORTH INDIA,147.08,154.21
29,11/06/2016,NORTH INDIA,143.54,148.93
30,04/06/2016,NORTH INDIA,143.88,145.28
31,28/05/2016,NORTH INDIA,145.30,139.33
32,21/05/2016,NORTH INDIA,141.91,137.84
33,14/05/2016,NORTH INDIA,140.71,140.99
34,07/05/2016,NORTH INDIA,142.21,136.69
35,30/04/2016,NORTH INDIA,143.11,139.14
36,30/04/2016,NORTH INDIA,143.11,139.14
37,30/04/2016,NORTH INDIA,143.11,139.14
38,23/04/2016,NORTH INDIA,133.82,146.29
39,16/04/2016,NORTH INDIA,134.48,153.77
40,09/04/2016,NORTH INDIA,127.56,159.09
41,02/04/2016,NORTH INDIA,102.20,133.97
42,26/03/2016,NORTH INDIA,90.62,NA
43,19/03/2016,NORTH INDIA,78.45,111.62
44,12/03/2016,NORTH INDIA,87.45,105.35
45,05/03/2016,NORTH INDIA,92.55,102.43
46,27/02/2016,NORTH INDIA,92.01,109.09
47,20/02/2016,NORTH INDIA,99.88,111.90
48,13/02/2016,NORTH INDIA,107.36,111.35
49,06/02/2016,NORTH INDIA,108.89,112.20
50,30/01/2016,NORTH INDIA,117.51,116.26
51,23/01/2016,NORTH INDIA,120.62,120.21
52,16/01/2016,NORTH INDIA,131.32,128.91
53,09/01/2016,NORTH INDIA,126.34,132.67
54,02/01/2016,NORTH INDIA,129.51,133.00
55,31/12/2016,SOUTH INDIA,97.65,99.14
56,24/12/2016,SOUTH INDIA,80.78,108.16
57,17/12/2016,SOUTH INDIA,90.37,106.17
58,10/12/2016,SOUTH INDIA,88.55,104.47
59,03/12/2016,SOUTH INDIA,85.08,103.90
60,26/11/2016,SOUTH INDIA,84.75,103.00
61,19/11/2016,SOUTH INDIA,80.62,102.10
62,12/11/2016,SOUTH INDIA,84.64,103.05
63,05/11/2016,SOUTH INDIA,78.27,101.95
64,29/10/2016,SOUTH INDIA,79.37,105.11
65,22/10/2016,SOUTH INDIA,79.89,101.82
66,15/10/2016,SOUTH INDIA,81.89,101.72
67,08/10/2016,SOUTH INDIA,79.14,101.20
68,01/10/2016,SOUTH INDIA,81.22,101.93
69,24/09/2016,SOUTH INDIA,80.29,101.52
70,17/09/2016,SOUTH INDIA,76.26,97.10
71,10/09/2016,SOUTH INDIA,72.88,101.14
72,09/03/2016,SOUTH INDIA,73.39,99.17
73,27/08/2016,SOUTH INDIA,63.37,98.52
74,20/08/2016,SOUTH INDIA,74.97,96.75
75,13/08/2016,SOUTH INDIA,73.56,93.58
76,06/08/2016,SOUTH INDIA,71.01,92.55
77,30/07/2016,SOUTH INDIA,71.02,94.64
78,23/07/2016,SOUTH INDIA,71.57,92.60
79,16/07/2016,SOUTH INDIA,72.76,94.55
80,09/07/2016,SOUTH INDIA,75.55,95.71
81,02/07/2016,SOUTH INDIA,75.42,98.20
82,25/06/2016,SOUTH INDIA,73.64,100.24
83,18/06/2016,SOUTH INDIA,71.92,103.26
84,11/06/2016,SOUTH INDIA,70.44,104.27
85,04/06/2016,SOUTH INDIA,72.21,102.35
86,28/05/2016,SOUTH INDIA,71.97,104.19
87,21/05/2016,SOUTH INDIA,73.88,103.26
88,14/05/2016,SOUTH INDIA,76.64,104.92
89,07/05/2016,SOUTH INDIA,78.01,103.49
90,30/04/2016,SOUTH INDIA,80.78,102.14
91,30/04/2016,SOUTH INDIA,80.78,102.14
92,30/04/2016,SOUTH INDIA,80.78,102.14
93,23/04/2016,SOUTH INDIA,83.96,100.90
94,16/04/2016,SOUTH INDIA,84.59,102.13
95,09/04/2016,SOUTH INDIA,84.07,101.62
96,02/04/2016,SOUTH INDIA,74.65,101.31
97,26/03/2016,SOUTH INDIA,84.57,89.94
98,19/03/2016,SOUTH INDIA,83.77,98.51
99,12/03/2016,SOUTH INDIA,83.26,97.84
100,05/03/2016,SOUTH INDIA,84.19,101.02
101,27/02/2016,SOUTH INDIA,83.98,106.22
102,20/02/2016,SOUTH INDIA,84.44,110.31
103,13/02/2016,SOUTH INDIA,84.20,111.56
104,06/02/2016,SOUTH INDIA,83.31,109.29
105,30/01/2016,SOUTH INDIA,83.52,108.12
106,23/01/2016,SOUTH INDIA,81.51,102.91
107,16/01/2016,SOUTH INDIA,80.90,102.34
108,09/01/2016,SOUTH INDIA,77.43,96.65
109,02/01/2016,SOUTH INDIA,75.00,97.65
110,31/12/2016,ALL INDIA,128.38,126.18
111,24/12/2016,ALL INDIA,133.36,130.11
112,17/12/2016,ALL INDIA,130.32,130.10
113,10/12/2016,ALL INDIA,127.83,130.10
114,03/12/2016,ALL INDIA,130.44,131.58
115,26/11/2016,ALL INDIA,132.99,133.52
116,19/11/2016,ALL INDIA,127.64,132.47
117,12/11/2016,ALL INDIA,137.68,133.61
118,05/11/2016,ALL INDIA,129.13,131.87
119,29/10/2016,ALL INDIA,128.24,135.08
120,22/10/2016,ALL INDIA,79.89,134.02
121,15/10/2016,ALL INDIA,126.73,101.72
122,08/10/2016,ALL INDIA,126.56,129.50
123,01/10/2016,ALL INDIA,125.49,131.62
124,24/09/2016,ALL INDIA,129.07,132.22
125,17/09/2016,ALL INDIA,127.61,134.22
126,10/09/2016,ALL INDIA,129.28,132.77
127,09/03/2016,ALL INDIA,130.61,132.64
128,27/08/2016,ALL INDIA,135.22,131.81
129,20/08/2016,ALL INDIA,133.34,132.05
130,13/08/2016,ALL INDIA,129.62,131.62
131,06/08/2016,ALL INDIA,129.79,133.18
132,30/07/2016,ALL INDIA,129.21,135.49
133,23/07/2016,ALL INDIA,130.52,140.00
134,16/07/2016,ALL INDIA,129.62,143.24
135,09/07/2016,ALL INDIA,126.69,141.06
136,02/07/2016,ALL INDIA,124.75,141.65
137,25/06/2016,ALL INDIA,123.91,139.93
138,18/06/2016,ALL INDIA,121.93,140.60
139,11/06/2016,ALL INDIA,116.09,137.19
140,04/06/2016,ALL INDIA,115.95,133.29
141,28/05/2016,ALL INDIA,114.93,130.36
142,21/05/2016,ALL INDIA,112.22,128.96
143,14/05/2016,ALL INDIA,110.52,131.18
144,07/05/2016,ALL INDIA,113.27,127.68
145,30/04/2016,ALL INDIA,112.07,127.52
146,30/04/2016,ALL INDIA,112.07,127.52
147,30/04/2016,ALL INDIA,112.07,127.52
148,23/04/2016,ALL INDIA,109.01,131.34
149,16/04/2016,ALL INDIA,110.02,131.33
150,09/04/2016,ALL INDIA,104.60,129.65
151,02/04/2016,ALL INDIA,91.27,113.34
152,26/03/2016,ALL INDIA,88.12,89.94
153,19/03/2016,ALL INDIA,82.30,101.92
154,12/03/2016,ALL INDIA,86.05,100.21
155,05/03/2016,ALL INDIA,88.52,101.37
156,27/02/2016,ALL INDIA,89.79,107.49
157,20/02/2016,ALL INDIA,95.40,111.26
158,13/02/2016,ALL INDIA,101.50,111.41
159,06/02/2016,ALL INDIA,102.60,111.53
160,30/01/2016,ALL INDIA,109.27,114.56
161,23/01/2016,ALL INDIA,112.01,116.91
162,16/01/2016,ALL INDIA,117.74,122.77
163,09/01/2016,ALL INDIA,115.96,125.75
164,02/01/2016,ALL INDIA,116.59,128.38
0,26/12/2020,NORTH INDIA,140.11,168.38
1,19/12/2020,NORTH INDIA,142.45,163.84
2,12/12/2020,NORTH INDIA,144.62,165.90
3,05/12/2020,NORTH INDIA,144.89,166.43
4,28/11/2020,NORTH INDIA,144.03,169.86
5,21/11/2020,NORTH INDIA,146.05,176.1
6,14/11/2020,NORTH INDIA,144.56,193.21
7,07/11/2020,NORTH INDIA,144.12,200.86
8,31/10/2020,NORTH INDIA,146.88,205.06
9,24/10/2020,NORTH INDIA,149.51,219.44
10,17/10/2020,NORTH INDIA,146.83,228.64
11,10/10/2020,NORTH INDIA,135.89,241.57
12,10/10/2020,NORTH INDIA,135.89,241.57
13,03/10/2020,NORTH INDIA,158.80,256.06
14,26/09/2020,NORTH INDIA,147.06,261.84
15,19/09/2020,NORTH INDIA,147.90,268.81
16,12/09/2020,NORTH INDIA,149.97,267.98
17,05/09/2020,NORTH INDIA,155.69,278.54
18,29/08/2020,NORTH INDIA,152.47,281.85
19,22/08/2020,NORTH INDIA,154.69,284.10
20,15/08/2020,NORTH INDIA,154.24,281.90
21,08/08/2020,NORTH INDIA,160.44,282.38
22,01/08/2020,NORTH INDIA,160.30,273.91
23,25/07/2020,NORTH INDIA,160.18,258.26
24,18/07/2020,NORTH INDIA,160.14,263.05
25,11/07/2020,NORTH INDIA,157.03,240.43
26,04/07/2020,NORTH INDIA,158.24,253.63
27,27/06/2020,NORTH INDIA,156.76,247.97
28,20/06/2020,NORTH INDIA,160.18,240.36
29,13/06/2020,NORTH INDIA,153.80,220.90
30,06/06/2020,NORTH INDIA,148.48,207.86
31,30/05/2020,NORTH INDIA,143.94,188.50
32,23/05/2020,NORTH INDIA,142.76,195.55
33,16/05/2020,NORTH INDIA,142.05,193.14
34,09/05/2020,NORTH INDIA,143.47,187.94
35,02/05/2020,NORTH INDIA,148.00,205.96
36,25/04/2020,NORTH INDIA,150.17,121.25
37,18/04/2020,NORTH INDIA,157.41,NA
38,11/04/2020,NORTH INDIA,159.87,NA
39,04/04/2020,NORTH INDIA,144.10,NA
40,21/03/2020,NORTH INDIA,111.14,84.16
41,14/03/2020,NORTH INDIA,107.51,90.82
42,07/03/2020,NORTH INDIA,114.15,89.03
43,29/02/2020,NORTH INDIA,112.44,91.28
44,22/02/2020,NORTH INDIA,111.16,91.91
45,15/02/2020,NORTH INDIA,116.16,97.43
46,08/02/2020,NORTH INDIA,120.34,104.64
47,01/02/2020,NORTH INDIA,123.45,110.77
48,25/01/2020,NORTH INDIA,129.03,117.65
49,18/01/2020,NORTH INDIA,132.20,123.40
50,11/01/2020,NORTH INDIA,135.08,130.52
51,04/01/2020,NORTH INDIA,138.06,135.42
52,26/12/2020,SOUTH INDIA,103.30,132.27
53,19/12/2020,SOUTH INDIA,91.02,129.46
54,12/12/2020,SOUTH INDIA,89.80,127.41
55,05/12/2020,SOUTH INDIA,90.49,128.92
56,28/11/2020,SOUTH INDIA,90.69,162.61
57,21/11/2020,SOUTH INDIA,91.90,165.09
58,14/11/2020,SOUTH INDIA,89.02,189.01
59,07/11/2020,SOUTH INDIA,87.99,162.46
60,31/10/2020,SOUTH INDIA,89.17,158.91
61,24/10/2020,SOUTH INDIA,89.63,154.29
62,17/10/2020,SOUTH INDIA,92.85,149.02
63,10/10/2020,SOUTH INDIA,93.05,151.06
64,10/10/2020,SOUTH INDIA,93.05,151.06
65,03/10/2020,SOUTH INDIA,93.99,160.48
66,26/09/2020,SOUTH INDIA,94.97,175.57
67,19/09/2020,SOUTH INDIA,93.69,189.05
68,12/09/2020,SOUTH INDIA,83.41,192.53
69,05/09/2020,SOUTH INDIA,90.82,191.74
70,29/08/2020,SOUTH INDIA,90.01,182.41
71,22/08/2020,SOUTH INDIA,91.14,169.04
72,15/08/2020,SOUTH INDIA,87.05,163.38
73,08/08/2020,SOUTH INDIA,87.88,147.52
74,01/08/2020,SOUTH INDIA,88.91,142.37
75,25/07/2020,SOUTH INDIA,86.18,137.60
76,18/07/2020,SOUTH INDIA,85.94,131.40
77,11/07/2020,SOUTH INDIA,86.02,123.72
78,04/07/2020,SOUTH INDIA,92.27,113.53
79,27/06/2020,SOUTH INDIA,95.76,108.68
80,20/06/2020,SOUTH INDIA,99.88,105.73
81,13/06/2020,SOUTH INDIA,101.37,102.18
82,06/06/2020,SOUTH INDIA,102.19,98.62
83,30/05/2020,SOUTH INDIA,104.45,98.87
84,23/05/2020,SOUTH INDIA,103.81,97.23
85,16/05/2020,SOUTH INDIA,105.98,99.17
86,09/05/2020,SOUTH INDIA,107.66,100.82
87,02/05/2020,SOUTH INDIA,107.85,93.09
88,25/04/2020,SOUTH INDIA,108.96,102.83
89,18/04/2020,SOUTH INDIA,99.03,130.27
90,11/04/2020,SOUTH INDIA,108.05,119.84
91,04/04/2020,SOUTH INDIA,108.00,NA
92,21/03/2020,SOUTH INDIA,108.95,88.69
93,14/03/2020,SOUTH INDIA,109.36,91.34
94,07/03/2020,SOUTH INDIA,108.64,92.30
95,29/02/2020,SOUTH INDIA,108.36,87.76
96,22/02/2020,SOUTH INDIA,106.81,92.94
97,15/02/2020,SOUTH INDIA,106.93,93.77
98,08/02/2020,SOUTH INDIA,107.81,93.16
99,01/02/2020,SOUTH INDIA,110.36,94.67
100,25/01/2020,SOUTH INDIA,110.04,95.40
101,18/01/2020,SOUTH INDIA,109.60,95.19
102,11/01/2020,SOUTH INDIA,106.59,96.10
103,04/01/2020,SOUTH INDIA,105.20,86.06
104,26/12/2020,ALL INDIA,136.99,161.63
105,19/12/2020,ALL INDIA,132.22,157.65
106,12/12/2020,ALL INDIA,130.20,158.31
107,05/12/2020,ALL INDIA,134.63,159.74
108,28/11/2020,ALL INDIA,134.55,168.99
109,21/11/2020,ALL INDIA,136.10,174.50
110,14/11/2020,ALL INDIA,133.93,192.91
111,07/11/2020,ALL INDIA,130.73,193.58
112,31/10/2020,ALL INDIA,136.70,186.84
113,24/10/2020,ALL INDIA,139.09,204.62
114,17/10/2020,ALL INDIA,138.09,206.95
115,10/10/2020,ALL INDIA,119.94,217.56
116,10/10/2020,ALL INDIA,119.94,217.56
117,03/10/2020,ALL INDIA,139.47,234.05
118,26/09/2020,ALL INDIA,139.40,245.40
119,19/09/2020,ALL INDIA,139.11,253.97
120,12/09/2020,ALL INDIA,142.93,248.31
121,05/09/2020,ALL INDIA,145.63,262.80
122,29/08/2020,ALL INDIA,142.21,261.66
123,22/08/2020,ALL INDIA,145.16,261.27
124,15/08/2020,ALL INDIA,140.34,253.23
125,08/08/2020,ALL INDIA,143.93,253.42
126,01/08/2020,ALL INDIA,143.52,243.41
127,25/07/2020,ALL INDIA,141.50,212.48
128,18/07/2020,ALL INDIA,140.32,225.56
129,11/07/2020,ALL INDIA,139.17,190.16
130,04/07/2020,ALL INDIA,141.35,211.86
131,27/06/2020,ALL INDIA,142.01,205.06
132,20/06/2020,ALL INDIA,145.84,190.28
133,13/06/2020,ALL INDIA,140.78,171.09
134,06/06/2020,ALL INDIA,136.77,164.96
135,30/05/2020,ALL INDIA,133.61,148.97
136,23/05/2020,ALL INDIA,133.47,149.38
137,16/05/2020,ALL INDIA,132.44,153.67
138,09/05/2020,ALL INDIA,132.39,130.82
139,02/05/2020,ALL INDIA,137.02,126.00
140,25/04/2020,ALL INDIA,136.93,109.62
141,18/04/2020,ALL INDIA,139.43,130.27
142,11/04/2020,ALL INDIA,135.18,119.84
143,04/04/2020,ALL INDIA,126.50,NA
144,21/03/2020,ALL INDIA,109.80,86.44
145,14/03/2020,ALL INDIA,108.54,91.18
146,07/03/2020,ALL INDIA,111.80,89.95
147,29/02/2020,ALL INDIA,111.22,90.17
148,22/02/2020,ALL INDIA,110.00,92.12
149,15/02/2020,ALL INDIA,113.96,96.80
150,08/02/2020,ALL INDIA,117.64,102.53
151,01/02/2020,ALL INDIA,120.68,107.71
152,25/01/2020,ALL INDIA,124.59,113.69
153,18/01/2020,ALL INDIA,127.28,118.41
154,11/01/2020,ALL INDIA,129.04,123.90
155,04/01/2020,ALL INDIA,130.85,129.19
